seed,features,n_features,masked_epochs,masked_train_seconds,prior_entropy,masked_logprob_all,masked_logprob_none,masked_info_lower_bound_all,exact_info_all,exact_logprob_all,masked_gap_all,masked_gap_none,masked_gap_mean,unique_vs_exact_spearman,unique_vs_exact_pearson,unique_vs_exact_mae,marginal_vs_exact_spearman,marginal_vs_exact_pearson,marginal_vs_exact_mae,shapley_vs_exact_spearman,shapley_vs_exact_pearson,shapley_vs_exact_mae,prior_logprob,marginal_vs_single_feature_spearman,marginal_vs_single_feature_pearson,marginal_vs_single_feature_mae
0,"[""f1_strong_t1"", ""f2_strong_t2"", ""f3_dup_a"", ""f4_dup_b"", ""f5_null"", ""f6_suppressor"", ""f7_weak"", ""f8_bigcoef"", ""noise_0""]",9,96,57.4,4.982606952258745,-1.6739969848632812,-4.981546947860718,3.308609967395464,3.5367387637393115,-1.4446953128046012,0.22930167205868002,0.03303702004029496,0.1345825167328116,0.9958246164193105,0.9998346214423931,0.027187465770858302,0.9831920802501751,0.999218014553613,0.019961225505823837,0.9833333333333333,0.9996160877441885,0.021807183557598284,-4.94851016998291,0.9333333333333332,0.9994020752311708,0.03551055486467152
1,"[""f1_strong_t1"", ""f2_strong_t2"", ""f3_dup_a"", ""f4_dup_b"", ""f5_null"", ""f6_suppressor"", ""f7_weak"", ""f8_bigcoef"", ""noise_0""]",9,126,81.4,4.982606952258745,-1.662153960132599,-4.972142961215973,3.320452992126146,3.5367387637393115,-1.4446953128046012,0.2174586473279978,0.023633033395550562,0.11165295252334295,0.9958246164193105,0.9998778751829084,0.03388784413584515,0.966240492659655,0.9996456559297898,0.019017098783275718,1.0,0.9996055761347464,0.021536179325827295,-4.94851016998291,0.9333333333333332,0.9994738671480072,0.03065079059600863
5,"[""f1_strong_t1"", ""f2_strong_t2"", ""f3_dup_a"", ""f4_dup_b"", ""f5_null"", ""f6_suppressor"", ""f7_weak"", ""f8_bigcoef"", ""noise_0""]",9,93,57.7,4.982606952258745,-1.6566725140571594,-4.9660846765518185,3.325934438201586,3.5367387637393115,-1.4446953128046012,0.21197720125255826,0.01757474873139575,0.10867583844838632,0.9958246164193105,0.9997897369090435,0.03419940356171039,0.9831920802501751,0.9995857222535153,0.01685979608577674,0.9666666666666667,0.9996574430620729,0.021600272502351213,-4.94851016998291,1.0,0.9996166643483585,0.02615257341066969
10,"[""f1_strong_t1"", ""f2_strong_t2"", ""f3_dup_a"", ""f4_dup_b"", ""f5_null"", ""f6_suppressor"", ""f7_weak"", ""f8_bigcoef"", ""noise_0""]",9,140,79.7,4.982606952258745,-1.6431636795043945,-4.969026922512055,3.339443272754351,3.5367387637393115,-1.4446953128046012,0.19846836669979329,0.02051699469163193,0.0994322568522763,0.9958246164193105,0.9999088941930419,0.027176532297914526,0.9831920802501751,0.9997306782045465,0.013517468957259915,0.9833333333333333,0.9997993419981752,0.01977237466757331,-4.94851016998291,1.0,0.9994525057425439,0.03773546853065519
15,"[""f1_strong_t1"", ""f2_strong_t2"", ""f3_dup_a"", ""f4_dup_b"", ""f5_null"", ""f6_suppressor"", ""f7_weak"", ""f8_bigcoef"", ""noise_0""]",9,123,70.8,4.982606952258745,-1.637159091091156,-4.9633551445960995,3.3454478611675893,3.5367387637393115,-1.4446953128046012,0.1924637782865548,0.01484521677567674,0.10358358455784586,0.9790880682441959,0.9998678772393605,0.023907351247288586,0.966240492659655,0.999732344675042,0.018675062567812165,0.9666666666666667,0.9998567368755613,0.019735395723430908,-4.94851016998291,0.9666666666666667,0.9991608741473901,0.03151483067406513
50,"[""f1_strong_t1"", ""f2_strong_t2"", ""f3_dup_a"", ""f4_dup_b"", ""f5_null"", ""f6_suppressor"", ""f7_weak"", ""f8_bigcoef"", ""noise_0""]",9,106,61.5,4.982606952258745,-1.6615579186439515,-4.971175225257873,3.321049033614794,3.5367387637393115,-1.4446953128046012,0.21686260583935035,0.022665297437450604,0.11884887519609151,0.9958246164193105,0.9998552569616327,0.02916293010734096,0.966240492659655,0.9995208748022564,0.020574255097066403,1.0,0.9998402122759898,0.021577478711322103,-4.94851016998291,0.9333333333333332,0.9995059451370945,0.03261413715150615
55,"[""f1_strong_t1"", ""f2_strong_t2"", ""f3_dup_a"", ""f4_dup_b"", ""f5_null"", ""f6_suppressor"", ""f7_weak"", ""f8_bigcoef"", ""noise_0""]",9,109,64.1,4.982606952258745,-1.7122622392654419,-4.985118878269196,3.270344712993303,3.5367387637393115,-1.4446953128046012,0.2675669264608407,0.036608950448773214,0.1379002043993209,0.9790880682441959,0.9998903451718764,0.033378819190355506,0.9831920802501751,0.9995420010158208,0.019212001160934022,0.9833333333333333,0.9996464014066737,0.02566199733467404,-4.94851016998291,0.9166666666666666,0.9986723955732796,0.048484652540419226
99,"[""f1_strong_t1"", ""f2_strong_t2"", ""f3_dup_a"", ""f4_dup_b"", ""f5_null"", ""f6_suppressor"", ""f7_weak"", ""f8_bigcoef"", ""noise_0""]",9,102,58.2,4.982606952258745,-1.6959721294403076,-4.968570577049255,3.2866348228184377,3.5367387637393115,-1.4446953128046012,0.25127681663570645,0.02006064922883244,0.12873425460234253,0.9790880682441959,0.9999178739676223,0.031152189551683654,0.9831920802501751,0.999572014530763,0.020400954401647218,1.0,0.9998120578167673,0.02569068526743029,-4.94851016998291,0.9666666666666667,0.9994323303851221,0.03508099121517579
105,"[""f1_strong_t1"", ""f2_strong_t2"", ""f3_dup_a"", ""f4_dup_b"", ""f5_null"", ""f6_suppressor"", ""f7_weak"", ""f8_bigcoef"", ""noise_0""]",9,97,54.9,4.982606952258745,-1.6708198739051818,-4.974330793762207,3.3117870783535635,3.5367387637393115,-1.4446953128046012,0.22612456110058066,0.025820865941784454,0.12833785647610169,0.9958246164193105,0.9998399063381445,0.03043909830715598,0.966240492659655,0.9993698037423894,0.020555865543572298,1.0,0.9996966730785213,0.02225596612875511,-4.94851016998291,0.9666666666666667,0.9997326493348941,0.03310076753828274
