seed,method,feature,estimand,value
0,masked_npe,skewness,unique,1.8349979810677464
0,masked_npe,kurtosis,unique,0.803868857855349
0,masked_npe,spectral_slope,unique,0.4328347442567342
0,masked_npe,total_log_power,unique,2.612600278044492
0,masked_npe,dominant_freq,unique,0.454926755661889
0,masked_npe,hjorth_mobility,unique,2.306834903736412
0,masked_npe,hjorth_complexity,unique,1.2929697986263775
0,masked_npe,skewness,marginal,1.102445552445203
0,masked_npe,kurtosis,marginal,0.6331825366672128
0,masked_npe,spectral_slope,marginal,0.9338635920897128
0,masked_npe,total_log_power,marginal,1.345091457689181
0,masked_npe,dominant_freq,marginal,0.9429887547940016
0,masked_npe,hjorth_mobility,marginal,1.6184489710219203
0,masked_npe,hjorth_complexity,marginal,1.401681399448216
0,masked_npe,skewness,shapley,1.553684004629036
0,masked_npe,kurtosis,shapley,0.7615378274121807
0,masked_npe,spectral_slope,shapley,0.5624896854325934
0,masked_npe,total_log_power,shapley,1.7911043148371886
0,masked_npe,dominant_freq,shapley,0.6941412313483768
0,masked_npe,hjorth_mobility,shapley,1.7925062071192746
0,masked_npe,hjorth_complexity,shapley,1.3046841351866032
0,single_feature_retrain,skewness,marginal,2.036323585221544
0,single_feature_retrain,kurtosis,marginal,1.6949868969541044
0,single_feature_retrain,spectral_slope,marginal,1.352522655642033
0,single_feature_retrain,total_log_power,marginal,2.8675167812261733
0,single_feature_retrain,dominant_freq,marginal,1.359402723127976
0,single_feature_retrain,hjorth_mobility,marginal,2.8678055588424205
0,single_feature_retrain,hjorth_complexity,marginal,2.214445829628036
1,masked_npe,skewness,unique,2.0505141595397154
1,masked_npe,kurtosis,unique,0.9740114188522108
1,masked_npe,spectral_slope,unique,0.4709562488194558
1,masked_npe,total_log_power,unique,2.249586423597113
1,masked_npe,dominant_freq,unique,0.4825818480961032
1,masked_npe,hjorth_mobility,unique,2.1806950516246264
1,masked_npe,hjorth_complexity,unique,1.1575722409859308
1,masked_npe,skewness,marginal,1.1131888585828245
1,masked_npe,kurtosis,marginal,0.5874012557156384
1,masked_npe,spectral_slope,marginal,0.825864340762794
1,masked_npe,total_log_power,marginal,1.441992867945507
1,masked_npe,dominant_freq,marginal,0.8330234899520875
1,masked_npe,hjorth_mobility,marginal,1.348230420319736
1,masked_npe,hjorth_complexity,marginal,1.0680521980386226
1,masked_npe,skewness,shapley,1.6283526927900924
1,masked_npe,kurtosis,shapley,0.7609195254420413
1,masked_npe,spectral_slope,shapley,0.5529299679246528
1,masked_npe,total_log_power,shapley,1.6116474217530017
1,masked_npe,dominant_freq,shapley,0.5966527526366755
1,masked_npe,hjorth_mobility,shapley,1.5756489689281876
1,masked_npe,hjorth_complexity,shapley,1.0419315146150667
1,single_feature_retrain,skewness,marginal,1.9958350351870056
1,single_feature_retrain,kurtosis,marginal,1.6865124304328112
1,single_feature_retrain,spectral_slope,marginal,1.3452856881622226
1,single_feature_retrain,total_log_power,marginal,3.176411182090268
1,single_feature_retrain,dominant_freq,marginal,1.3355533803880215
1,single_feature_retrain,hjorth_mobility,marginal,2.811588175776228
1,single_feature_retrain,hjorth_complexity,marginal,2.216016977291554
5,masked_npe,skewness,unique,1.7823459763325742
5,masked_npe,kurtosis,unique,0.8316036313548683
5,masked_npe,spectral_slope,unique,0.5353785854257636
5,masked_npe,total_log_power,unique,2.17941337093599
5,masked_npe,dominant_freq,unique,0.4316914146021
5,masked_npe,hjorth_mobility,unique,2.268497667722776
5,masked_npe,hjorth_complexity,unique,1.3439791109547017
5,masked_npe,skewness,marginal,0.9214618634510784
5,masked_npe,kurtosis,marginal,0.497693852018565
5,masked_npe,spectral_slope,marginal,0.8715413364492357
5,masked_npe,total_log_power,marginal,1.449219179251045
5,masked_npe,dominant_freq,marginal,0.9235895820122212
5,masked_npe,hjorth_mobility,marginal,1.387422527867183
5,masked_npe,hjorth_complexity,marginal,1.0923898088049144
5,masked_npe,skewness,shapley,1.436467274545705
5,masked_npe,kurtosis,shapley,0.7086415960173751
5,masked_npe,spectral_slope,shapley,0.5793763224896178
5,masked_npe,total_log_power,shapley,1.575736487015921
5,masked_npe,dominant_freq,shapley,0.6353538399696109
5,masked_npe,hjorth_mobility,shapley,1.6510935141152032
5,masked_npe,hjorth_complexity,shapley,1.197054753660573
5,single_feature_retrain,skewness,marginal,2.04492961759381
5,single_feature_retrain,kurtosis,marginal,1.6745650907427074
5,single_feature_retrain,spectral_slope,marginal,1.3215447076048703
5,single_feature_retrain,total_log_power,marginal,3.594257112338393
5,single_feature_retrain,dominant_freq,marginal,1.302690820559114
5,single_feature_retrain,hjorth_mobility,marginal,2.657174439747259
5,single_feature_retrain,hjorth_complexity,marginal,2.222137237824127
10,masked_npe,skewness,unique,1.8222550950381908
10,masked_npe,kurtosis,unique,0.8850828048750756
10,masked_npe,spectral_slope,unique,0.332493486602976
10,masked_npe,total_log_power,unique,2.4224551607262343
10,masked_npe,dominant_freq,unique,0.5062234226796782
10,masked_npe,hjorth_mobility,unique,2.287918309827149
10,masked_npe,hjorth_complexity,unique,1.5558581442825492
10,masked_npe,skewness,marginal,1.0731406348850578
10,masked_npe,kurtosis,marginal,0.5724498026978225
10,masked_npe,spectral_slope,marginal,0.9141462048206478
10,masked_npe,total_log_power,marginal,2.073419339656457
10,masked_npe,dominant_freq,marginal,0.8743417387157678
10,masked_npe,hjorth_mobility,marginal,1.5876632355369629
10,masked_npe,hjorth_complexity,marginal,1.3797141073245551
10,masked_npe,skewness,shapley,1.5097555978793118
10,masked_npe,kurtosis,shapley,0.7144415146485804
10,masked_npe,spectral_slope,shapley,0.5269267311420752
10,masked_npe,total_log_power,shapley,1.978817853038612
10,masked_npe,dominant_freq,shapley,0.6236238501958079
10,masked_npe,hjorth_mobility,shapley,1.7621659479438725
10,masked_npe,hjorth_complexity,shapley,1.3725824529589925
10,single_feature_retrain,skewness,marginal,1.8826493319254367
10,single_feature_retrain,kurtosis,marginal,1.650696036819741
10,single_feature_retrain,spectral_slope,marginal,1.3314735814154148
10,single_feature_retrain,total_log_power,marginal,3.5212699820127336
10,single_feature_retrain,dominant_freq,marginal,1.295273958357051
10,single_feature_retrain,hjorth_mobility,marginal,2.583558147474006
10,single_feature_retrain,hjorth_complexity,marginal,2.1193268558830023
15,masked_npe,skewness,unique,1.8941271310422567
15,masked_npe,kurtosis,unique,0.9909804386526346
15,masked_npe,spectral_slope,unique,0.4238854777608072
15,masked_npe,total_log_power,unique,2.160070176598057
15,masked_npe,dominant_freq,unique,0.4807600229665638
15,masked_npe,hjorth_mobility,unique,2.242101513748616
15,masked_npe,hjorth_complexity,unique,1.293594391191751
15,masked_npe,skewness,marginal,1.051587898775935
15,masked_npe,kurtosis,marginal,0.6199761181503535
15,masked_npe,spectral_slope,marginal,0.883281681207195
15,masked_npe,total_log_power,marginal,1.529329530415684
15,masked_npe,dominant_freq,marginal,0.8936406410880388
15,masked_npe,hjorth_mobility,marginal,1.563104684600979
15,masked_npe,hjorth_complexity,marginal,1.2533311774630098
15,masked_npe,skewness,shapley,1.5561902083813646
15,masked_npe,kurtosis,shapley,0.7873035995451733
15,masked_npe,spectral_slope,shapley,0.5568803634847949
15,masked_npe,total_log_power,shapley,1.613899600836039
15,masked_npe,dominant_freq,shapley,0.6253487731903045
15,masked_npe,hjorth_mobility,shapley,1.7331851231891349
15,masked_npe,hjorth_complexity,shapley,1.252683675412703
15,single_feature_retrain,skewness,marginal,2.0143841653972863
15,single_feature_retrain,kurtosis,marginal,1.671397172798589
15,single_feature_retrain,spectral_slope,marginal,1.3303539092686028
15,single_feature_retrain,total_log_power,marginal,2.953688916459307
15,single_feature_retrain,dominant_freq,marginal,1.3408615158248691
15,single_feature_retrain,hjorth_mobility,marginal,2.7114497017771004
15,single_feature_retrain,hjorth_complexity,marginal,2.186300922767073
50,masked_npe,skewness,unique,1.8159886054385463
50,masked_npe,kurtosis,unique,0.9413403321698316
50,masked_npe,spectral_slope,unique,0.3846644280862072
50,masked_npe,total_log_power,unique,2.285241728580744
50,masked_npe,dominant_freq,unique,0.4834252830296766
50,masked_npe,hjorth_mobility,unique,2.3126535526558767
50,masked_npe,hjorth_complexity,unique,1.5565985457718376
50,masked_npe,skewness,marginal,0.9761885661851616
50,masked_npe,kurtosis,marginal,0.6274165551759303
50,masked_npe,spectral_slope,marginal,0.9035075610261412
50,masked_npe,total_log_power,marginal,1.326373815978691
50,masked_npe,dominant_freq,marginal,0.8439004909813403
50,masked_npe,hjorth_mobility,marginal,1.6206990950386972
50,masked_npe,hjorth_complexity,marginal,1.2934467613805083
50,masked_npe,skewness,shapley,1.5161948102235194
50,masked_npe,kurtosis,shapley,0.7908445727556652
50,masked_npe,spectral_slope,shapley,0.5392067129666686
50,masked_npe,total_log_power,shapley,1.5756678237911703
50,masked_npe,dominant_freq,shapley,0.6276063788209004
50,masked_npe,hjorth_mobility,shapley,1.8075560945072533
50,masked_npe,hjorth_complexity,shapley,1.3354058086090304
50,single_feature_retrain,skewness,marginal,1.973579903875664
50,single_feature_retrain,kurtosis,marginal,1.5872328831296416
50,single_feature_retrain,spectral_slope,marginal,1.3374594913884998
50,single_feature_retrain,total_log_power,marginal,3.136053505201265
50,single_feature_retrain,dominant_freq,marginal,1.2698019381545484
50,single_feature_retrain,hjorth_mobility,marginal,2.7697212713684887
50,single_feature_retrain,hjorth_complexity,marginal,2.138688531848043
55,masked_npe,skewness,unique,1.8465938398335124
55,masked_npe,kurtosis,unique,0.9531517473429432
55,masked_npe,spectral_slope,unique,0.3468782810490562
55,masked_npe,total_log_power,unique,2.4643094118949023
55,masked_npe,dominant_freq,unique,0.4213566572051483
55,masked_npe,hjorth_mobility,unique,2.2687251374520354
55,masked_npe,hjorth_complexity,unique,1.26201199905835
55,masked_npe,skewness,marginal,1.0258504400629551
55,masked_npe,kurtosis,marginal,0.6985478788979352
55,masked_npe,spectral_slope,marginal,0.9596601034887134
55,masked_npe,total_log_power,marginal,2.0701857215002177
55,masked_npe,dominant_freq,marginal,0.9237078797701748
55,masked_npe,hjorth_mobility,marginal,1.678342931175977
55,masked_npe,hjorth_complexity,marginal,1.4293997220620511
55,masked_npe,skewness,shapley,1.5059984862487277
55,masked_npe,kurtosis,shapley,0.8012709955960771
55,masked_npe,spectral_slope,shapley,0.5376491011148511
55,masked_npe,total_log_power,shapley,1.98685386596876
55,masked_npe,dominant_freq,shapley,0.6223006575655199
55,masked_npe,hjorth_mobility,shapley,1.783739528660794
55,masked_npe,hjorth_complexity,shapley,1.2995125059704429
55,single_feature_retrain,skewness,marginal,1.978421017989144
55,single_feature_retrain,kurtosis,marginal,1.7204452041253449
55,single_feature_retrain,spectral_slope,marginal,1.3312661780044437
55,single_feature_retrain,total_log_power,marginal,3.302962796316296
55,single_feature_retrain,dominant_freq,marginal,1.3003169043026863
55,single_feature_retrain,hjorth_mobility,marginal,2.8525303552720698
55,single_feature_retrain,hjorth_complexity,marginal,2.165061954521388
99,masked_npe,skewness,unique,1.7549794636730098
99,masked_npe,kurtosis,unique,0.763854705050214
99,masked_npe,spectral_slope,unique,0.56186701440215
99,masked_npe,total_log_power,unique,2.4328465851098287
99,masked_npe,dominant_freq,unique,0.5960005470443512
99,masked_npe,hjorth_mobility,unique,2.4805044723059977
99,masked_npe,hjorth_complexity,unique,1.5280723038826132
99,masked_npe,skewness,marginal,0.909874132767692
99,masked_npe,kurtosis,marginal,0.4902701470609755
99,masked_npe,spectral_slope,marginal,0.9315671141143888
99,masked_npe,total_log_power,marginal,1.5137199964486063
99,masked_npe,dominant_freq,marginal,0.9541203494518996
99,masked_npe,hjorth_mobility,marginal,1.6987403874240816
99,masked_npe,hjorth_complexity,marginal,1.3107618388023226
99,masked_npe,skewness,shapley,1.3563628464945394
99,masked_npe,kurtosis,shapley,0.6160515524609996
99,masked_npe,spectral_slope,shapley,0.5789310794535021
99,masked_npe,total_log_power,shapley,1.6172136963325725
99,masked_npe,dominant_freq,shapley,0.7004045043642684
99,masked_npe,hjorth_mobility,shapley,1.7941218014723677
99,masked_npe,hjorth_complexity,shapley,1.3147248638607492
99,single_feature_retrain,skewness,marginal,2.001739525272697
99,single_feature_retrain,kurtosis,marginal,1.7414696827590466
99,single_feature_retrain,spectral_slope,marginal,1.3378619064599275
99,single_feature_retrain,total_log_power,marginal,3.2903955536339438
99,single_feature_retrain,dominant_freq,marginal,1.2827157472308726
99,single_feature_retrain,hjorth_mobility,marginal,2.825293065457791
99,single_feature_retrain,hjorth_complexity,marginal,2.1850484212774783
105,masked_npe,skewness,unique,1.768245615315065
105,masked_npe,kurtosis,unique,1.0509449176140127
105,masked_npe,spectral_slope,unique,0.44452584438026044
105,masked_npe,total_log_power,unique,2.396245487526059
105,masked_npe,dominant_freq,unique,0.5846670245829966
105,masked_npe,hjorth_mobility,unique,2.280245962464437
105,masked_npe,hjorth_complexity,unique,1.6188060097318147
105,masked_npe,skewness,marginal,1.1188515372689813
105,masked_npe,kurtosis,marginal,0.6250517241213471
105,masked_npe,spectral_slope,marginal,0.929564991754666
105,masked_npe,total_log_power,marginal,1.7395368381090464
105,masked_npe,dominant_freq,marginal,0.8978856232117862
105,masked_npe,hjorth_mobility,marginal,1.6958056932847945
105,masked_npe,hjorth_complexity,marginal,1.3664694325026125
105,masked_npe,skewness,shapley,1.4994754761750593
105,masked_npe,kurtosis,shapley,0.7827932016011796
105,masked_npe,spectral_slope,shapley,0.5485046646199786
105,masked_npe,total_log_power,shapley,1.8216905322500787
105,masked_npe,dominant_freq,shapley,0.6695608312078725
105,masked_npe,hjorth_mobility,shapley,1.7488482668624172
105,masked_npe,hjorth_complexity,shapley,1.3522413042751984
105,single_feature_retrain,skewness,marginal,2.0434089780807496
105,single_feature_retrain,kurtosis,marginal,1.7119848534829916
105,single_feature_retrain,spectral_slope,marginal,1.3548434396389872
105,single_feature_retrain,total_log_power,marginal,3.6361076355215163
105,single_feature_retrain,dominant_freq,marginal,1.2556958341088147
105,single_feature_retrain,hjorth_mobility,marginal,2.7381595475997775
105,single_feature_retrain,hjorth_complexity,marginal,2.106291610712558
