seed,features,n_features,masked_epochs,masked_train_seconds,prior_entropy,masked_logprob_all,masked_logprob_none,masked_info_lower_bound_all,in_prior_mass_all,in_prior_mass_leave_one_out,in_prior_mass_mean,prior_logprob,marginal_vs_single_feature_spearman,marginal_vs_single_feature_pearson,marginal_vs_single_feature_mae
0,"[""skewness"", ""kurtosis"", ""spectral_slope"", ""total_log_power"", ""dominant_freq"", ""hjorth_mobility"", ""hjorth_complexity""]",7,288,160.7,-0.6435345549901853,9.027158600102736,0.5670111941374838,8.383624045112551,0.9483564283149604,0.9424984354456816,0.9329666953915876,0.6435347199440002,0.8571428571428573,0.8229812440706218,0.9164716809266912
1,"[""skewness"", ""kurtosis"", ""spectral_slope"", ""total_log_power"", ""dominant_freq"", ""hjorth_mobility"", ""hjorth_complexity""]",7,189,104.8,-0.6435345549901853,8.340885367647932,0.5728025235582143,7.697350812657747,0.9417702887782936,0.9362161147283178,0.9293311127414396,0.6435347199440002,0.8214285714285715,0.8915865334815225,1.0499213482872716
5,"[""skewness"", ""kurtosis"", ""spectral_slope"", ""total_log_power"", ""dominant_freq"", ""hjorth_mobility"", ""hjorth_complexity""]",7,198,111.0,-0.6435345549901853,8.369952924485132,0.5862291366711259,7.726418369494946,0.9483405856022736,0.94286392215591,0.9350429631628812,0.6435347199440002,0.7500000000000002,0.7996969317480983,1.0962829823651483
10,"[""skewness"", ""kurtosis"", ""spectral_slope"", ""total_log_power"", ""dominant_freq"", ""hjorth_mobility"", ""hjorth_complexity""]",7,285,165.5,-0.6435345549901853,9.066110393808035,0.5777964460007846,8.42257583881785,0.9364593982387056,0.932246666793864,0.924760382522319,0.6435347199440002,0.8928571428571429,0.9288123034549302,0.844196118607159
15,"[""skewness"", ""kurtosis"", ""spectral_slope"", ""total_log_power"", ""dominant_freq"", ""hjorth_mobility"", ""hjorth_complexity""]",7,237,142.5,-0.6435345549901853,8.686158347664401,0.5606670036248863,8.042623792674215,0.9425742483958104,0.9338840067311734,0.9227286984733032,0.6435347199440002,0.8571428571428573,0.8940223215555555,0.9163120817988047
50,"[""skewness"", ""kurtosis"", ""spectral_slope"", ""total_log_power"", ""dominant_freq"", ""hjorth_mobility"", ""hjorth_complexity""]",7,238,145.7,-0.6435345549901853,8.748817334214971,0.5563351325407624,8.105282779224785,0.9448554367965892,0.9409255914789324,0.9336324443092564,0.6435347199440002,0.8571428571428573,0.8246393818500759,0.9458578113142402
55,"[""skewness"", ""kurtosis"", ""spectral_slope"", ""total_log_power"", ""dominant_freq"", ""hjorth_mobility"", ""hjorth_complexity""]",7,288,173.2,-0.6435345549901853,9.13161864188537,0.5942935007601976,8.488084086895183,0.940027713596711,0.927240724983223,0.915118642172184,0.6435347199440002,0.8928571428571429,0.9239375768306636,0.8379013905104783
99,"[""skewness"", ""kurtosis"", ""spectral_slope"", ""total_log_power"", ""dominant_freq"", ""hjorth_mobility"", ""hjorth_complexity""]",7,222,122.2,-0.6435345549901853,8.537458609289303,0.5596482648503035,7.893924054299117,0.9319445448305804,0.9312746711441012,0.9298750486739816,0.6435347199440002,0.642857142857143,0.7713925155994792,0.9793528480031128
105,"[""skewness"", ""kurtosis"", ""spectral_slope"", ""total_log_power"", ""dominant_freq"", ""hjorth_mobility"", ""hjorth_complexity""]",7,262,144.6,-0.6435345549901853,9.001834045212716,0.5787197682209313,8.35829949022253,0.9334772190415596,0.9297849967357388,0.924625388164825,0.6435347199440002,0.8928571428571429,0.8668092805753091,0.9247608655560231
