seed,model,left_out_feature,r2_mean,r2_drop_mean,r2_log_C,r2_drop_log_C,nrmse_log_C,coverage90_log_C,r2_log_mu,r2_drop_log_mu,nrmse_log_mu,coverage90_log_mu,r2_log_kappa,r2_drop_log_kappa,nrmse_log_kappa,coverage90_log_kappa,r2_log_g,r2_drop_log_g,nrmse_log_g,coverage90_log_g
0,masked_npe,,0.8382657170295715,0.0,0.8217790722846985,0.0,0.1251338995860919,0.936,0.7206913232803345,0.0,0.1486464596763822,0.884,0.9593707919120787,0.0,0.0589135499911792,0.954,0.85122150182724,0.0,0.1121343759423128,0.916
0,masked_npe,skewness,0.795748233795166,0.0425174832344055,0.8090434670448303,0.0127356052398681,0.1295277553459977,0.896,0.6249716281890869,0.0957196950912475,0.1722441192380187,0.862,0.9536224007606506,0.0057483911514282,0.0629433746146077,0.918,0.7953555583953857,0.0558659434318542,0.1315130048294853,0.874
0,masked_npe,kurtosis,0.8184013962745667,0.0198643207550048,0.8100740313529968,0.0117050409317016,0.1291777599025761,0.906,0.6717847585678101,0.0489065647125244,0.161135680431737,0.892,0.9551140069961548,0.004256784915924,0.0619228946351555,0.938,0.836633026599884,0.0145884752273559,0.1175035130685145,0.888
0,masked_npe,spectral_slope,0.8298273086547852,0.0084384083747863,0.8203761577606201,0.0014029145240783,0.1256254260022578,0.916,0.7103945016860962,0.0102968215942382,0.1513615984530429,0.89,0.948616623878479,0.0107541680335998,0.0662532398631152,0.938,0.8399220705032349,0.0112994313240051,0.116314661496594,0.91
0,masked_npe,total_log_power,0.6736853122711182,0.1645804047584533,0.4925375580787658,0.3292415142059326,0.2111531399515145,0.75,0.6487808227539062,0.0719105005264282,0.1666868860301397,0.854,0.8607511520385742,0.0986196398735046,0.1090665799632318,0.784,0.6926717758178711,0.1585497260093689,0.1611646948984773,0.76
0,masked_npe,dominant_freq,0.8088632225990295,0.0294024944305419,0.7833529710769653,0.0384261012077331,0.1379659551235932,0.936,0.7062039971351624,0.0144873261451721,0.152452748894581,0.908,0.9531302452087402,0.0062405467033386,0.0632764898741725,0.928,0.7927656173706055,0.0584558844566345,0.1323425846437534,0.924
0,masked_npe,hjorth_mobility,0.8026955723762512,0.0355701446533203,0.798075258731842,0.0237038135528564,0.1331957583279369,0.87,0.7117206454277039,0.0089706778526306,0.1510146559334669,0.888,0.8422924280166626,0.1170783638954162,0.1160705911968707,0.836,0.8586938977241516,-0.0074723958969116,0.1092821296690785,0.926
0,masked_npe,hjorth_complexity,0.8132576942443848,0.0250080227851867,0.808405876159668,0.0133731961250305,0.1297438193000597,0.906,0.6987283825874329,0.0219629406929016,0.1543801361870588,0.918,0.9201074838638306,0.0392633080482482,0.0826131167380584,0.908,0.8257890939712524,0.0254324078559875,0.121340671736493,0.92
0,dedicated_npe,,0.8523675799369812,0.0,0.8242334127426147,0.0,0.1242692675577948,0.894,0.7431354522705078,0.0,0.1425490802724357,0.906,0.9725077152252196,0.0,0.0484619912649995,0.928,0.8695938587188721,0.0,0.1049827031334121,0.886
0,retrain_ablation,skewness,0.8349931836128235,0.0173743963241577,0.8250676393508911,-0.0008342266082763,0.1239740055930104,0.894,0.6889568567276001,0.0541785955429077,0.1568637618616424,0.872,0.9645962119102478,0.0079115033149719,0.0549947054461266,0.938,0.8613519668579102,0.0082418918609619,0.1082494060973944,0.888
0,retrain_ablation,kurtosis,0.8398610353469849,0.0125065445899963,0.8235202431678772,0.0007131695747375,0.1245211254010677,0.914,0.6997045278549194,0.0434309244155883,0.154129844227745,0.912,0.97474205493927,-0.0022343397140502,0.0464509750701779,0.93,0.8614773750305176,0.0081164836883544,0.1082004555353926,0.894
0,retrain_ablation,spectral_slope,0.8450279235839844,0.0073396563529968,0.8187511563301086,0.0054822564125061,0.1261923990575741,0.92,0.7314943671226501,0.0116410851478576,0.1457434488038983,0.916,0.9604408144950868,0.012066900730133,0.0581325654292527,0.96,0.8694254159927368,0.0001684427261352,0.1050504642978521,0.92
0,retrain_ablation,total_log_power,0.7244117259979248,0.1279558539390564,0.6014375686645508,0.2227958440780639,0.1871301518245388,0.86,0.6911183595657349,0.0520170927047729,0.1563177690235887,0.894,0.8587874174118042,0.1137202978134155,0.1098329390456483,0.874,0.7463035583496094,0.1232903003692627,0.1464286086843582,0.852
0,retrain_ablation,dominant_freq,0.8362010717391968,0.0161665081977844,0.8072909116744995,0.0169425010681152,0.1301207837729197,0.93,0.7336369752883911,0.0094984769821167,0.1451607891682454,0.92,0.9628672003746032,0.0096405148506164,0.0563215875804589,0.944,0.8410091400146484,0.0285847187042236,0.1159190476550311,0.898
0,retrain_ablation,hjorth_mobility,0.8174086809158325,0.0349588990211486,0.8047727346420288,0.0194606781005859,0.1309681960382991,0.878,0.743025541305542,0.0001099109649658,0.1425795663342208,0.914,0.8643980026245117,0.108109712600708,0.1076289000676453,0.87,0.8574385046958923,0.0121553540229797,0.1097665080563179,0.898
0,retrain_ablation,hjorth_complexity,0.8374635577201843,0.0149040222167968,0.8208400011062622,0.0033934116363525,0.1254631388733374,0.908,0.7428487539291382,0.0002866983413696,0.1426286224446002,0.914,0.9366490840911864,0.0358586311340332,0.0735651920081422,0.936,0.8495163321495056,0.0200775265693664,0.1127751510526806,0.912
1,masked_npe,,0.8317483067512512,0.0,0.8261770009994507,0.0,0.1235802943095227,0.928,0.7102298140525818,0.0,0.1514046408745223,0.926,0.937398076057434,0.0,0.0731290019406022,0.944,0.8531882762908936,0.0,0.1113907337088977,0.912
1,masked_npe,skewness,0.7692488431930542,0.062499463558197,0.8155489563941956,0.0106280446052551,0.1273022675970859,0.91,0.5602620840072632,0.1499677300453186,0.1865130856551238,0.858,0.927401065826416,0.009997010231018,0.0787519099278885,0.898,0.773783266544342,0.0794050097465515,0.1382709878527296,0.854
1,masked_npe,kurtosis,0.8050963878631592,0.026651918888092,0.808397650718689,0.0177793502807617,0.1297466032692206,0.906,0.6509845852851868,0.059245228767395,0.1661631104316336,0.914,0.9389029145240784,-0.0015048384666442,0.0722447274364969,0.932,0.8221003413200378,0.0310879349708557,0.1226185780748134,0.902
1,masked_npe,spectral_slope,0.8221248984336853,0.0096234083175659,0.8208526372909546,0.005324363708496,0.125458699571162,0.924,0.6977776288986206,0.0124521851539611,0.1546235374611746,0.92,0.925194263458252,0.0122038125991821,0.0799398664154169,0.936,0.8446751236915588,0.0085131525993347,0.1145748205069717,0.91
1,masked_npe,total_log_power,0.6625775098800659,0.1691707968711853,0.4765037298202514,0.3496732711791992,0.2144630105608633,0.804,0.642507791519165,0.0677220225334167,0.1681688844884549,0.862,0.8354783654212952,0.1019197106361389,0.1185515917609272,0.85,0.6958200931549072,0.1573681831359863,0.1603370821357785,0.8
1,masked_npe,dominant_freq,0.7987027168273926,0.0330455899238586,0.7853002548217773,0.0408767461776733,0.1373445280614475,0.934,0.702163815498352,0.0080659985542297,0.1534974046117525,0.936,0.9298028945922852,0.0075951814651489,0.0774382567239133,0.934,0.7775441408157349,0.0756441354751586,0.1371167800360423,0.924
1,masked_npe,hjorth_mobility,0.7781445980072021,0.053603708744049,0.772666871547699,0.0535101294517517,0.1413275817619361,0.88,0.6890528202056885,0.0211769938468933,0.1568395818208566,0.938,0.8113793134689331,0.1260187625885009,0.1269376688753218,0.804,0.8394795656204224,0.0137087106704711,0.1164753040414155,0.922
1,masked_npe,hjorth_complexity,0.8128703832626343,0.0188779234886169,0.812639057636261,0.0135379433631896,0.1283025079455883,0.902,0.6840861439704895,0.0261436700820922,0.15808718561783,0.938,0.9195181131362916,0.0178799629211425,0.0829172508679435,0.906,0.8352380990982056,0.0179501771926879,0.118004090071682,0.912
1,dedicated_npe,,0.8417305946350098,0.0,0.8165838122367859,0.0,0.1269446619213637,0.918,0.7351321578025818,0.0,0.1447527910016421,0.896,0.96270352602005,0.0,0.0564455668696185,0.952,0.852502703666687,0.0,0.1116505135030259,0.898
1,retrain_ablation,skewness,0.8484293818473816,-0.0066987872123718,0.8330050706863403,-0.0164212584495544,0.1211287353660518,0.898,0.7206960916519165,0.0144360661506652,0.1486451789833757,0.888,0.9709505438804626,-0.0082470178604125,0.0498155536869345,0.902,0.8690657019615173,-0.0165629982948303,0.1051950694604807,0.864
1,retrain_ablation,kurtosis,0.8201597929000854,0.0215708017349243,0.8155772089958191,0.0010066032409667,0.1272925290794808,0.902,0.6715576648712158,0.0635744929313659,0.1611914184186721,0.914,0.9543700218200684,0.0083335041999816,0.0624339878690116,0.924,0.8391343355178833,0.0133683681488037,0.1166005074112436,0.894
1,retrain_ablation,spectral_slope,0.8494343757629395,-0.0077037811279296,0.827481746673584,-0.010897934436798,0.1231156079358071,0.904,0.7447878122329712,-0.0096556544303894,0.1420898404649962,0.92,0.9648876786231996,-0.0021841526031494,0.0547678300197713,0.914,0.8605802059173584,-0.0080775022506713,0.1085502682472475,0.894
1,retrain_ablation,total_log_power,0.8025385141372681,0.0391920804977417,0.7183722257614136,0.0982115864753723,0.1573016743393755,0.864,0.7102506160736084,0.0248815417289733,0.1513991979292447,0.88,0.937778115272522,0.024925410747528,0.072906720905716,0.88,0.8437532186508179,0.0087494850158691,0.1149143465065219,0.872
1,retrain_ablation,dominant_freq,0.8507006168365479,-0.008970022201538,0.8194124698638916,-0.0028286576271057,0.1259619960499963,0.894,0.7428791522979736,-0.0077469944953918,0.1426201726548726,0.916,0.9695702791213988,-0.0068667531013488,0.0509852638769142,0.892,0.8709406852722168,-0.0184379816055297,0.1044391519653602,0.884
1,retrain_ablation,hjorth_mobility,0.8245375752449036,0.0171930193901062,0.8054433465003967,0.0111404657363891,0.130743059999404,0.876,0.7468268871307373,-0.0116947293281555,0.1415210735643486,0.892,0.88361656665802,0.07908695936203,0.0997106195170241,0.878,0.8622634410858154,-0.0097607374191284,0.1078930150491439,0.886
1,retrain_ablation,hjorth_complexity,0.8381166458129883,0.0036139488220214,0.8205759525299072,-0.0039921402931213,0.1255555580503448,0.886,0.7407110929489136,-0.0055789351463317,0.1432202051695701,0.91,0.931560754776001,0.031142771244049,0.0764624881954089,0.932,0.859618604183197,-0.00711590051651,0.1089239865475724,0.902
5,masked_npe,,0.8321481943130493,0.0,0.8180877566337585,0.0,0.1264231352815379,0.93,0.7110011577606201,0.0,0.1512029874083031,0.93,0.9496334195137024,0.0,0.0655944697606093,0.928,0.8498704433441162,0.0,0.1126423911951302,0.896
5,masked_npe,skewness,0.7912241220474243,0.040924072265625,0.8001617193222046,0.0179260373115539,0.1325058176772537,0.892,0.6290098428726196,0.0819913148880004,0.1713142525918428,0.878,0.9393726587295532,0.0102607607841491,0.0719664604598514,0.874,0.7963522672653198,0.0535181760787963,0.1311923431769516,0.864
5,masked_npe,kurtosis,0.7975287437438965,0.0346194505691528,0.7853363156318665,0.032751441001892,0.137332994474924,0.898,0.6378024816513062,0.0731986761093139,0.1692719787843362,0.898,0.94240403175354,0.0072293877601623,0.0701442299983008,0.93,0.8245721459388733,0.0252982974052429,0.1217637383086998,0.864
5,masked_npe,spectral_slope,0.8199248313903809,0.0122233629226684,0.8095110654830933,0.0085766911506652,0.1293690798527454,0.916,0.7042753100395203,0.0067258477210998,0.1529523305317252,0.91,0.9331279397010804,0.016505479812622,0.0755819621313275,0.942,0.8327850103378296,0.0170854330062866,0.1188793097819229,0.882
5,masked_npe,total_log_power,0.6636689901351929,0.1684792041778564,0.4757977128028869,0.3422900438308716,0.2146075834767448,0.836,0.6286737322807312,0.0823274254798889,0.1713918598039214,0.864,0.8627316951751709,0.0869017243385315,0.1082881733654073,0.816,0.6874727010726929,0.1623977422714233,0.1625221862084845,0.82
5,masked_npe,dominant_freq,0.7891330718994141,0.0430151224136352,0.7669681310653687,0.0511196255683898,0.1430880069250835,0.922,0.7003809809684753,0.0106201767921447,0.1539561432784504,0.934,0.9405116438865662,0.0091217756271362,0.0712872562543353,0.916,0.7486715316772461,0.1011989116668701,0.1457436125348873,0.892
5,masked_npe,hjorth_mobility,0.7875708341598511,0.0445773601531982,0.7747378945350647,0.0433498620986938,0.1406823566004772,0.89,0.6995279788970947,0.0114731788635253,0.1541751417825619,0.932,0.8311017751693726,0.1185316443443298,0.1201180823494006,0.83,0.8449158668518066,0.0049545764923095,0.1144860022167168,0.914
5,masked_npe,hjorth_complexity,0.8109320998191833,0.0212160944938659,0.8039319515228271,0.0141558051109313,0.1312499143693281,0.918,0.6857904195785522,0.0252107381820678,0.1576601719441953,0.932,0.9199121594429016,0.0297212600708007,0.0827140256186267,0.91,0.8340937495231628,0.0157766938209533,0.1184131830535063,0.906
5,dedicated_npe,,0.8525073528289795,0.0,0.8244502544403076,0.0,0.124192595542257,0.904,0.7505087852478027,0.0,0.1404882364163348,0.86,0.971226453781128,0.0,0.0495784138066224,0.95,0.8638439774513245,0.0,0.1072721899262762,0.902
5,retrain_ablation,skewness,0.8332865238189697,0.0192208290100097,0.8087465763092041,0.0157036781311035,0.1296284189413308,0.88,0.6950953006744385,0.0554134845733642,0.1553082070789104,0.898,0.9716814756393432,-0.0004550218582153,0.0491848421894721,0.948,0.8576226234436035,0.0062213540077209,0.1096955974595841,0.868
5,retrain_ablation,kurtosis,0.8346658945083618,0.0178414583206176,0.8157821893692017,0.0086680650711059,0.127221747469735,0.902,0.6969342231750488,0.0535745620727539,0.1548391532652798,0.92,0.9721840620040894,-0.0009576082229614,0.0487464096213342,0.928,0.8537631034851074,0.010080873966217,0.1111724447292901,0.9
5,retrain_ablation,spectral_slope,0.8169230222702026,0.0355843305587768,0.8036013245582581,0.0208489298820495,0.1313605314605799,0.926,0.7091522812843323,0.0413565039634704,0.1516858782746344,0.902,0.9266637563705444,0.0445626974105834,0.0791507833269405,0.936,0.8282746076583862,0.0355693697929382,0.1204719551202379,0.898
5,retrain_ablation,total_log_power,0.7847167253494263,0.0677906274795532,0.6784027814865112,0.1460474729537964,0.1680938329060774,0.868,0.7080015540122986,0.0425072312355041,0.1519856578821885,0.902,0.9253588318824768,0.0458676218986511,0.0798518728797562,0.88,0.8271037340164185,0.036740243434906,0.1208819725088105,0.86
5,retrain_ablation,dominant_freq,0.8323298692703247,0.0201774835586547,0.7993558049201965,0.025094449520111,0.1327727347513928,0.898,0.7279590368270874,0.0225497484207153,0.1466997784653499,0.908,0.9676799774169922,0.0035464763641357,0.0525450415489634,0.932,0.8343245387077332,0.0295194387435913,0.118330803363743,0.892
5,retrain_ablation,hjorth_mobility,0.8178220391273499,0.0346853137016296,0.7986631989479065,0.0257870554924011,0.1330016866553539,0.864,0.7445938587188721,0.0059149265289306,0.1421438244593354,0.912,0.8661394715309143,0.1050869822502136,0.106935562638848,0.888,0.8618917465209961,0.0019522309303283,0.1080385016228582,0.9
5,retrain_ablation,hjorth_complexity,0.8432607650756836,0.0092465877532958,0.815585196018219,0.0088650584220886,0.1272897666081513,0.886,0.7594634890556335,-0.0089547038078308,0.137944000553161,0.9,0.9393144249916076,0.0319120287895202,0.0720010277861427,0.9,0.8586801290512085,0.0051638484001159,0.1092874503823396,0.882
10,masked_npe,,0.8457233905792236,0.0,0.8306382894515991,0.0,0.1219841018290336,0.924,0.7329158782958984,0.0,0.1453571388949485,0.918,0.952508270740509,0.0,0.0636949441321047,0.946,0.8668310642242432,0.0,0.1060889385394244,0.914
10,masked_npe,skewness,0.8086100816726685,0.0371133089065551,0.8173491358757019,0.0132891535758972,0.1266795291672273,0.888,0.6510194540023804,0.081896424293518,0.1661548137682436,0.85,0.9453027248382568,0.0072055459022521,0.0683563334971256,0.91,0.8207690715789795,0.0460619926452636,0.1230765141294827,0.854
10,masked_npe,kurtosis,0.8146783709526062,0.0310450196266174,0.8073626756668091,0.02327561378479,0.1300965449680637,0.922,0.664982795715332,0.0679330825805664,0.1627968088640483,0.896,0.949315071105957,0.003193199634552,0.0658014142792106,0.948,0.8370530009269714,0.0297780632972717,0.1173523618162374,0.886
10,masked_npe,spectral_slope,0.8358256816864014,0.0098977088928222,0.8236918449401855,0.0069464445114135,0.1244605767590483,0.928,0.7207339406013489,0.0121819376945495,0.1486351144068137,0.918,0.9395071268081664,0.0130011439323425,0.0718866201458771,0.954,0.8593698143959045,0.0074612498283386,0.1090204473168751,0.912
10,masked_npe,total_log_power,0.7098039984703064,0.1359193921089172,0.5622967481613159,0.2683415412902832,0.1961035401137881,0.79,0.6641606092453003,0.0687552690505981,0.1629964577673008,0.852,0.8729301691055298,0.0795781016349792,0.1041878467109826,0.81,0.7398284077644348,0.1270026564598083,0.1482854838678926,0.778
10,masked_npe,dominant_freq,0.8098925352096558,0.0358308553695678,0.7821063995361328,0.0485318899154663,0.1383623213892536,0.926,0.7160990238189697,0.0168168544769287,0.1498634521263849,0.928,0.9453663229942322,0.0071419477462768,0.0683165883645754,0.942,0.795998215675354,0.0708328485488891,0.1313063461766423,0.902
10,masked_npe,hjorth_mobility,0.7949380278587341,0.0507853627204895,0.7874137759208679,0.0432245135307312,0.136666851923554,0.88,0.7281191349029541,0.0047967433929443,0.1466566107586851,0.926,0.8169805407524109,0.1355277299880981,0.1250387120762371,0.85,0.8472386002540588,0.0195924639701843,0.1136254225296306,0.916
10,masked_npe,hjorth_complexity,0.817598283290863,0.0281251072883605,0.8090485334396362,0.0215897560119628,0.129526035519489,0.906,0.7020609974861145,0.0308548808097839,0.1535239093887566,0.924,0.9184170961380004,0.0340911746025085,0.083482499579656,0.908,0.8408663868904114,0.0259646773338317,0.1159710724069171,0.926
10,dedicated_npe,,0.8503471612930298,0.0,0.8209419250488281,0.0,0.1254274417243677,0.92,0.742688000202179,0.0,0.1426731822088807,0.902,0.9656438827514648,0.0,0.0541748909836013,0.938,0.8721148371696472,0.0,0.1039629857496995,0.912
10,retrain_ablation,skewness,0.8281590342521667,0.022188127040863,0.812285304069519,0.008656620979309,0.1284235622339644,0.9,0.690606415271759,0.0520815849304199,0.1564472721435829,0.904,0.9624359011650084,0.0032079815864562,0.0566477055088894,0.932,0.847308337688446,0.0248064994812011,0.1135994853960974,0.882
10,retrain_ablation,kurtosis,0.830991804599762,0.0193553566932678,0.8143988847732544,0.0065430402755737,0.1276985263735895,0.912,0.6952108144760132,0.0474771857261657,0.1552787789809132,0.902,0.9660809636116028,-0.0004370808601379,0.0538291557328662,0.926,0.8482766151428223,0.0238382220268249,0.1132387195391656,0.898
10,retrain_ablation,spectral_slope,0.8505849242210388,-0.000237762928009,0.8253495097160339,-0.0044075846672058,0.1238740944217748,0.922,0.7401723861694336,0.0025156140327453,0.1433689047640857,0.914,0.9692237377166748,-0.0035798549652099,0.0512747725272893,0.946,0.8675939440727234,0.0045208930969238,0.1057846367365541,0.92
10,retrain_ablation,total_log_power,0.7201951742172241,0.1301519870758056,0.5920130014419556,0.2289289236068725,0.1893297024399174,0.864,0.6908546090126038,0.0518333911895751,0.1563845042656882,0.89,0.8620666265487671,0.1035772562026977,0.108550184947474,0.892,0.7358465194702148,0.1362683176994323,0.1494159258320138,0.86
10,retrain_ablation,dominant_freq,0.8418481945991516,0.0084989666938781,0.814600944519043,0.0063409805297851,0.1276289916380625,0.914,0.7347110509872437,0.0079769492149353,0.1448678167224324,0.912,0.9706916213035583,-0.0050477385520935,0.0500370507581971,0.93,0.8473891615867615,0.0247256755828857,0.1135694099300277,0.902
10,retrain_ablation,hjorth_mobility,0.8232128620147705,0.0271342992782592,0.8190145492553711,0.001927375793457,0.1261006893090015,0.906,0.741992175579071,0.0006958246231079,0.1428659543475113,0.892,0.8654636144638062,0.1001802682876586,0.1072051877839207,0.902,0.8663811087608337,0.0057337284088134,0.106268026223551,0.908
10,retrain_ablation,hjorth_complexity,0.8389525413513184,0.0113946199417114,0.8250235319137573,-0.0040816068649291,0.1239896345164076,0.912,0.7470910549163818,-0.0044030547142028,0.1414472109872563,0.896,0.9347421526908876,0.0309017300605773,0.0746641704475522,0.914,0.8489535450935364,0.0231612920761108,0.1129858297999875,0.886
15,masked_npe,,0.834976851940155,0.0,0.8156655430793762,0.0,0.1272620344056997,0.926,0.7192128300666809,0.0,0.1490393540178545,0.906,0.9467111229896544,0.0,0.0674705275291972,0.94,0.8583178520202637,0.0,0.1094274550090576,0.902
15,masked_npe,skewness,0.7926266193389893,0.0423502326011657,0.8076465725898743,0.0080189704895019,0.1300006646402077,0.896,0.6210344433784485,0.0981783866882324,0.1731458941615086,0.864,0.9408616423606871,0.0058494806289672,0.0710772342227182,0.908,0.8009639978408813,0.0573538541793823,0.1296983621356534,0.858
15,masked_npe,kurtosis,0.8074331283569336,0.0275437235832214,0.7928210496902466,0.0228444933891296,0.1349175411392186,0.908,0.6674612760543823,0.0517515540122985,0.1621934910933776,0.908,0.940544068813324,0.0061670541763305,0.0712678358345222,0.94,0.8289059400558472,0.0294119119644165,0.1202502909811071,0.876
15,masked_npe,spectral_slope,0.8274103999137878,0.0075664520263671,0.8124634027481079,0.0032021403312683,0.1283626373798962,0.93,0.7171206474304199,0.0020921826362609,0.1495935878369935,0.908,0.935514271259308,0.0111968517303466,0.0742211544269725,0.954,0.8445432782173157,0.0137745738029479,0.1146234486015032,0.898
15,masked_npe,total_log_power,0.6780181527137756,0.1569586992263794,0.4962270259857178,0.3194385170936584,0.2103841625238441,0.806,0.6564808487892151,0.0627319812774658,0.1648495648654016,0.868,0.8559865951538086,0.0907245278358459,0.1109167997493196,0.846,0.7033781409263611,0.1549397110939026,0.1583325813443097,0.796
15,masked_npe,dominant_freq,0.799164354801178,0.035812497138977,0.7773361206054688,0.0383294224739074,0.1398686851814139,0.936,0.699907660484314,0.0193051695823669,0.1540776977494586,0.926,0.9414918422698976,0.005219280719757,0.0706974968287693,0.95,0.7779219150543213,0.0803959369659423,0.1370003047857454,0.92
15,masked_npe,hjorth_mobility,0.7939730882644653,0.0410037636756897,0.784013569355011,0.0316519737243652,0.1377554591078528,0.884,0.7093206644058228,0.0098921656608581,0.1516419727774333,0.918,0.8380010724067688,0.1087100505828857,0.1176391747859023,0.846,0.844556987285614,0.0137608647346496,0.1146183858622184,0.918
15,masked_npe,hjorth_complexity,0.8132383823394775,0.0217384696006774,0.8003175258636475,0.0153480172157287,0.1324541476395851,0.914,0.6990042924880981,0.0202085375785827,0.1543094335807543,0.926,0.9193038940429688,0.0274072289466857,0.0830275454339415,0.9,0.8343276977539062,0.0239901542663574,0.1183296747275967,0.926
15,dedicated_npe,,0.8608009815216064,0.0,0.8385351300239563,0.0,0.1191062731364835,0.924,0.7564103603363037,0.0,0.1388167093136338,0.91,0.9722952842712402,0.0,0.0486488881928888,0.94,0.8759630918502808,0.0,0.1023868507458673,0.892
15,retrain_ablation,skewness,0.8503112196922302,0.0104897618293762,0.8317471146583557,0.0067880153656005,0.1215841131787894,0.906,0.7170106172561646,0.0393997430801391,0.1496226540000106,0.892,0.9766610860824584,-0.0043658018112182,0.044651508724454,0.898,0.8758261799812317,0.000136911869049,0.1024433362977601,0.88
15,retrain_ablation,kurtosis,0.8472061157226562,0.0135948657989501,0.8260384202003479,0.0124967098236083,0.1236295458411635,0.9,0.7110865116119385,0.0453238487243652,0.1511806448835702,0.9,0.97953462600708,-0.0072393417358398,0.0418124409795445,0.928,0.8721650838851929,0.0037980079650878,0.1039425628099096,0.898
15,retrain_ablation,spectral_slope,0.856929361820221,0.0038716197013854,0.8322854042053223,0.006249725818634,0.1213894718136755,0.92,0.7505965828895569,0.0058137774467468,0.1404635134730789,0.916,0.971382737159729,0.0009125471115112,0.0494435684170042,0.918,0.8734529614448547,0.002510130405426,0.1034176502616449,0.892
15,retrain_ablation,total_log_power,0.7552695274353027,0.1055314540863037,0.6392881870269775,0.1992469429969787,0.1780228750415929,0.876,0.6929694414138794,0.0634409189224243,0.1558486873688057,0.9,0.8947552442550659,0.0775400400161743,0.0948191678223589,0.876,0.7940653562545776,0.0818977355957031,0.1319269133255337,0.852
15,retrain_ablation,dominant_freq,0.843410849571228,0.0173901319503784,0.810706615447998,0.0278285145759582,0.1289624591215273,0.91,0.7329531311988831,0.0234572291374206,0.1453469907949296,0.902,0.970042884349823,0.0022523999214172,0.0505878198440971,0.922,0.8599408268928528,0.0160222649574279,0.1087989014158168,0.874
15,retrain_ablation,hjorth_mobility,0.8197611570358276,0.0410398244857788,0.8127800226211548,0.0257551074028015,0.1282542345652742,0.872,0.734559178352356,0.0218511819839477,0.1449092861188059,0.918,0.8731098175048828,0.0991854667663574,0.1041141687157249,0.888,0.8585954904556274,0.0173676013946533,0.1093201915794976,0.902
15,retrain_ablation,hjorth_complexity,0.8498003482818604,0.011000633239746,0.8218446969985962,0.0166904330253601,0.1251108431619606,0.898,0.7661032676696777,-0.009692907333374,0.1360267892018543,0.902,0.9372280836105348,0.0350672006607055,0.0732282480890198,0.902,0.8740253448486328,0.0019377470016479,0.1031835066314109,0.89
50,masked_npe,,0.8360243439674377,0.0,0.8105076551437378,0.0,0.1290302095370515,0.916,0.7269140481948853,0.0,0.1469812664358329,0.918,0.9530750513076782,0.0,0.0633137044450723,0.948,0.8536006808280945,0.0,0.1112341757520341,0.914
50,masked_npe,skewness,0.7892861366271973,0.0467382073402404,0.796160101890564,0.0143475532531738,0.1338259027606982,0.884,0.6109557151794434,0.1159583330154419,0.1754332257916938,0.87,0.9469807147979736,0.0060943365097045,0.0672996672153406,0.914,0.8030482530593872,0.0505524277687072,0.1290174935698032,0.878
50,masked_npe,kurtosis,0.8068376183509827,0.029186725616455,0.79046630859375,0.0200413465499877,0.1356821007625449,0.902,0.6636696457862854,0.0632444024085998,0.1631155482963291,0.904,0.947947919368744,0.0051271319389343,0.066682961319174,0.944,0.8252665996551514,0.0283340811729431,0.121522489645202,0.894
50,masked_npe,spectral_slope,0.8262140154838562,0.0098103284835815,0.8003973364830017,0.010110318660736,0.1324276730602679,0.894,0.7200914621353149,0.0068225860595703,0.1488059894791484,0.908,0.9423311948776244,0.0107438564300537,0.0701885695223201,0.936,0.8420359492301941,0.0115647315979003,0.1155441147272345,0.886
50,masked_npe,total_log_power,0.6562166213989258,0.1798077225685119,0.4481469988822937,0.3623606562614441,0.2201949343401444,0.78,0.6332839131355286,0.0936301350593566,0.1703245692299176,0.844,0.8628809452056885,0.0901941061019897,0.1082292849350692,0.828,0.6805545091629028,0.1730461716651916,0.1643111604916751,0.772
50,masked_npe,dominant_freq,0.8074672222137451,0.0285571217536926,0.7837647199630737,0.026742935180664,0.1378347861055633,0.93,0.7143579125404358,0.0125561356544494,0.150322302157692,0.94,0.9447434544563292,0.0083315968513488,0.0687049019559333,0.93,0.7870028018951416,0.0665978789329528,0.1341700722918216,0.918
50,masked_npe,hjorth_mobility,0.7793159484863281,0.0567083954811096,0.7685016393661499,0.0420060157775878,0.1426164304964176,0.892,0.7089623212814331,0.0179517269134521,0.1517354076846032,0.902,0.7995360493659973,0.1535390019416809,0.1308621397267528,0.844,0.8402639627456665,0.0133367180824279,0.1161903825335142,0.898
50,masked_npe,hjorth_complexity,0.8056942224502563,0.0303301215171813,0.7955183386802673,0.0149893164634704,0.1340364095253543,0.916,0.7035548090934753,0.0233592391014099,0.1531385460789855,0.934,0.9084096550941468,0.0446653962135314,0.0884546521251103,0.886,0.815294086933136,0.0383065938949584,0.1249421819260424,0.904
50,dedicated_npe,,0.8489477634429932,0.0,0.8199883699417114,0.0,0.1257609698289691,0.922,0.7386142015457153,0.0,0.1437981596504818,0.894,0.9650920033454896,0.0,0.0546082806601505,0.932,0.872096598148346,0.0,0.103970402501518,0.882
50,retrain_ablation,skewness,0.8350343704223633,0.0139133930206298,0.8225852251052856,-0.0025968551635742,0.1248505581687954,0.886,0.6919664144515991,0.0466477870941162,0.1561030441363576,0.9,0.966098427772522,-0.0010064244270324,0.0538152959852677,0.928,0.8594875931739807,0.0126090049743652,0.1089747966719867,0.864
50,retrain_ablation,kurtosis,0.8386377692222595,0.0103099942207336,0.8192678093910217,0.0007205605506896,0.1260124192134462,0.882,0.7028881907463074,0.0357260107994079,0.1533106322414459,0.892,0.9762287139892578,-0.0111367106437683,0.0450632354805921,0.924,0.8561663627624512,0.0159302353858947,0.1102551645119976,0.886
50,retrain_ablation,spectral_slope,0.8489135503768921,3.421306610107422e-05,0.824612021446228,-0.0046236515045166,0.1241353683151824,0.894,0.7413549423217773,-0.002740740776062,0.1430422862856998,0.908,0.9711756110191344,-0.006083607673645,0.0496221990865915,0.964,0.8585118055343628,0.0135847926139831,0.1093525350667755,0.896
50,retrain_ablation,total_log_power,0.7857557535171509,0.0631920099258422,0.7079926133155823,0.1119957566261291,0.1601741823186645,0.866,0.7111403942108154,0.0274738073348999,0.1511665711810748,0.89,0.9079804420471193,0.0571115612983703,0.08866168415593,0.894,0.8159095048904419,0.056187093257904,0.1247338679401849,0.85
50,retrain_ablation,dominant_freq,0.8280928730964661,0.0208548903465271,0.8022133111953735,0.0177750587463378,0.131823895717667,0.9,0.7238549590110779,0.0147592425346374,0.1478022184941517,0.904,0.9575429558753968,0.0075490474700927,0.0602241475601932,0.936,0.8287603855133057,0.0433362126350402,0.1203014450708231,0.882
50,retrain_ablation,hjorth_mobility,0.8011490106582642,0.047798752784729,0.7926143407821655,0.0273740291595459,0.134984818602453,0.884,0.7303540706634521,0.0082601308822631,0.1460525969592065,0.92,0.8314542770385742,0.1336377263069152,0.1199926919257184,0.898,0.8501733541488647,0.0219232439994812,0.1125286784161628,0.892
50,retrain_ablation,hjorth_complexity,0.8455397486686707,0.0034080147743225,0.8185811042785645,0.0014072656631469,0.1262515933362179,0.898,0.7589834928512573,-0.0203692913055419,0.1380815776073266,0.9,0.9366055130958556,0.0284864902496337,0.0735904903319617,0.896,0.8679888844490051,0.0041077136993408,0.105626756663062,0.882
55,masked_npe,,0.8446763157844543,0.0,0.8295472860336304,0.0,0.1223763727578203,0.926,0.7290494441986084,0.0,0.1464054835648018,0.912,0.9532778859138488,0.0,0.0631767113597593,0.946,0.8668305277824402,0.0,0.1060891642666537,0.92
55,masked_npe,skewness,0.7958681583404541,0.0488081574440002,0.8195522427558899,0.0099950432777404,0.1259132174706454,0.894,0.6138811111450195,0.1151683330535888,0.1747724160414921,0.85,0.9449896216392516,0.0082882642745971,0.0685517118175206,0.934,0.8050497770309448,0.0617807507514953,0.1283602511206153,0.876
55,masked_npe,kurtosis,0.814022958278656,0.0306533575057983,0.8053372502326965,0.0242100358009338,0.1307787034037953,0.906,0.6667384505271912,0.0623109936714172,0.1623696838258044,0.904,0.9479233622550964,0.0053545236587524,0.0666986770550723,0.91,0.8360926508903503,0.0307378768920898,0.1176976922302543,0.898
55,masked_npe,spectral_slope,0.8346737027168274,0.0100026130676269,0.8265940546989441,0.0029532313346862,0.1234319485242379,0.932,0.7226921319961548,0.0063573122024536,0.1481130928009034,0.918,0.938833475112915,0.0144444108009338,0.0722857633742693,0.93,0.8505751490592957,0.0162553787231445,0.1123776883976209,0.928
55,masked_npe,total_log_power,0.6878151297569275,0.1568611860275268,0.5152008533477783,0.314346432685852,0.2063842330257397,0.818,0.6572988033294678,0.0717506408691406,0.1646531733769701,0.862,0.8594244122505188,0.09385347366333,0.1095849294185351,0.812,0.7193365693092346,0.1474939584732055,0.1540145054399404,0.8
55,masked_npe,dominant_freq,0.8152833580970764,0.0293929576873779,0.7900842428207397,0.0394630432128906,0.1358057240417682,0.938,0.7203338146209717,0.0087156295776367,0.1487415511321148,0.936,0.9491479992866516,0.0041298866271972,0.0659097762837177,0.934,0.8015673756599426,0.0652631521224975,0.1295016354808977,0.92
55,masked_npe,hjorth_mobility,0.795031726360321,0.0496445894241333,0.7883108854293823,0.041236400604248,0.1363781575462494,0.886,0.7172480821609497,0.0118013620376586,0.1495598722015398,0.926,0.8215023875236511,0.1317754983901977,0.123484407564184,0.842,0.8530654311180115,0.0137650966644287,0.1114373302583658,0.926
55,masked_npe,hjorth_complexity,0.8245126008987427,0.0201637148857116,0.8202316761016846,0.0093156099319458,0.1256759674037801,0.91,0.7189016342163086,0.0101478099822998,0.1491219308756214,0.908,0.9210355281829834,0.0322423577308654,0.0821318943414364,0.908,0.8378816843032837,0.0289488434791564,0.1170536064538574,0.918
55,dedicated_npe,,0.8415075540542603,0.0,0.8253792524337769,0.0,0.1238635282376624,0.902,0.7360997796058655,0.0,0.1444881330077336,0.898,0.9614838361740112,0.0,0.0573610868820562,0.948,0.8430670499801636,0.0,0.1151663870813614,0.878
55,retrain_ablation,skewness,0.8583645820617676,-0.0168570280075073,0.8356309533119202,-0.0102517008781433,0.120172630065327,0.89,0.73582923412323,0.0002705454826354,0.1445621904728921,0.868,0.9751418828964232,-0.0136580467224121,0.0460818704107718,0.932,0.886856198310852,-0.0437891483306884,0.0977876477008314,0.856
55,retrain_ablation,kurtosis,0.839863657951355,0.0016438961029052,0.8249276876449585,0.0004515647888183,0.124023601089953,0.886,0.7041808366775513,0.0319189429283142,0.1529767611428818,0.9,0.9740893244743348,-0.0126054883003234,0.04704734531458,0.932,0.8562568426132202,-0.0131897926330566,0.1102204777611017,0.872
55,retrain_ablation,spectral_slope,0.8519020676612854,-0.0103945136070251,0.8311095833778381,-0.0057303309440612,0.1218142582123909,0.916,0.7423008680343628,-0.0062010884284973,0.1427804680893274,0.91,0.969355046749115,-0.0078712105751037,0.0511652728639422,0.926,0.8648425936698914,-0.0217755436897277,0.1068780701839928,0.914
55,retrain_ablation,total_log_power,0.7681141495704651,0.0733934044837951,0.6723976135253906,0.1529816389083862,0.1696559728216956,0.866,0.7175515294075012,0.0185482501983642,0.149479606159415,0.884,0.8899319767951965,0.0715518593788147,0.0969675636147917,0.878,0.7925755381584167,0.0504915118217468,0.132403262272761,0.848
55,retrain_ablation,dominant_freq,0.8524312973022461,-0.0109237432479858,0.8116260766983032,0.0137531757354736,0.1286488702555103,0.926,0.743944525718689,-0.0078447461128234,0.1423244021732519,0.908,0.9720978140830994,-0.0106139779090881,0.0488219217268371,0.936,0.8820568323135376,-0.038989782333374,0.0998401209029752,0.898
55,retrain_ablation,hjorth_mobility,0.824561357498169,0.0169461965560913,0.8094035983085632,0.0159756541252136,0.1294055616725596,0.884,0.7456244826316833,-0.0095247030258178,0.141856740417237,0.878,0.873697817325592,0.0877860188484191,0.1038726860415718,0.884,0.8695193529129028,-0.0264523029327392,0.1050126818592407,0.904
55,retrain_ablation,hjorth_complexity,0.840984582901001,0.0005229711532592,0.8175529837608337,0.0078262686729431,0.1266088227998913,0.892,0.7544782161712646,-0.0183784365653991,0.1393661544545746,0.9,0.9379032850265504,0.0235805511474609,0.072833341910538,0.926,0.8540037870407104,-0.0109367370605468,0.111080917712284,0.888
99,masked_npe,,0.8226041197776794,0.0,0.8170127868652344,0.0,0.1267961334045123,0.914,0.6879515647888184,0.0,0.1571170467448301,0.91,0.9475921988487244,0.0,0.066910427453004,0.938,0.8378599286079407,0.0,0.1170614424133873,0.882
99,masked_npe,skewness,0.7827214002609253,0.0398827195167541,0.8080593347549438,0.0089534521102905,0.1298611007190325,0.902,0.5981729030609131,0.0897786617279052,0.178292024914301,0.892,0.942517340183258,0.0050748586654663,0.0700752047359911,0.906,0.7821358442306519,0.0557240843772888,0.1356942900329246,0.876
99,masked_npe,kurtosis,0.806069552898407,0.0165345668792724,0.8033362627029419,0.0136765241622924,0.131449145521437,0.912,0.6501095294952393,0.0378420352935791,0.1663712787274945,0.912,0.9461500644683838,0.0014421343803405,0.0678247915748896,0.93,0.8246824145317078,0.0131775140762329,0.1217254721688829,0.906
99,masked_npe,spectral_slope,0.8131493926048279,0.0094547271728515,0.8063344955444336,0.0106782913208007,0.1304432834900345,0.926,0.6902610659599304,-0.002309501171112,0.1565345541560911,0.904,0.937504768371582,0.0100874304771423,0.0730666713630047,0.936,0.8184971809387207,0.0193627476692199,0.1238541014386118,0.87
99,masked_npe,total_log_power,0.6675773859024048,0.1550267338752746,0.5141392946243286,0.3028734922409057,0.2066100892419853,0.806,0.6065356731414795,0.0814158916473388,0.1764269878824331,0.83,0.8474438786506653,0.100148320198059,0.114159142028601,0.828,0.7021905183792114,0.1356694102287292,0.1586492229023795,0.792
99,masked_npe,dominant_freq,0.7822144627571106,0.0403896570205688,0.7772610783576965,0.0397517085075378,0.1398922468045821,0.94,0.6681215167045593,0.019830048084259,0.1620324021860817,0.924,0.9397637248039246,0.0078284740447998,0.0717339769588298,0.94,0.7437114715576172,0.0941484570503234,0.1471747554151265,0.894
99,masked_npe,hjorth_mobility,0.774128258228302,0.0484758615493774,0.7631588578224182,0.0538539290428161,0.1442527701769675,0.86,0.6739495992660522,0.0140019655227661,0.1606033854406224,0.906,0.832567036151886,0.1150251626968383,0.1195959188199095,0.834,0.8268375992774963,0.0110223293304443,0.1209749613783489,0.898
99,masked_npe,hjorth_complexity,0.7925755977630615,0.0300285220146179,0.8013415336608887,0.0156712532043457,0.1321140949431666,0.896,0.6606890559196472,0.0272625088691711,0.1638367315853263,0.898,0.9012524485588074,0.0463397502899169,0.0918457432977176,0.89,0.8070191740989685,0.0308407545089721,0.127710253440595,0.906
99,dedicated_npe,,0.8653595447540283,0.0,0.8354737758636475,0.0,0.1202300937685466,0.922,0.7596173286437988,0.0,0.1378998723267414,0.902,0.9793094396591188,0.0,0.0420418980163444,0.924,0.8870378732681274,0.0,0.0977091161228811,0.89
99,retrain_ablation,skewness,0.8523768186569214,0.0129827260971069,0.8313720226287842,0.0041017532348632,0.1217195602652596,0.892,0.7178699970245361,0.0417473316192626,0.1493953031502046,0.89,0.9713701605796814,0.0079392790794372,0.0494544418101477,0.882,0.8888949155807495,-0.001857042312622,0.0969026464773227,0.858
99,retrain_ablation,kurtosis,0.846824586391449,0.0185349583625793,0.8243165612220764,0.011157214641571,0.1242398800223286,0.912,0.7109885215759277,0.048628807067871,0.1512063005054287,0.904,0.9784072041511536,0.000902235507965,0.0429487178557304,0.938,0.8735861778259277,0.0134516954421997,0.1033631962548155,0.876
99,retrain_ablation,spectral_slope,0.8486207723617554,0.0167387723922729,0.8266514539718628,0.0088223218917846,0.1234115255844479,0.912,0.7382754683494568,0.021341860294342,0.1438913022255523,0.92,0.9682002663612366,0.011109173297882,0.0521204067406025,0.938,0.8613559603691101,0.0256819128990173,0.108247847504621,0.906
99,retrain_ablation,total_log_power,0.7320595979690552,0.1332999467849731,0.6009185314178467,0.2345552444458007,0.1872519585370124,0.864,0.6975036859512329,0.0621136426925659,0.1546935997209758,0.902,0.8584040403366089,0.1209053993225097,0.1099819358902599,0.876,0.771412193775177,0.1156256794929504,0.1389937449429806,0.856
99,retrain_ablation,dominant_freq,0.8332948684692383,0.03206467628479,0.803842306137085,0.0316314697265625,0.131279914592988,0.934,0.7231429815292358,0.0364743471145629,0.1479926380554116,0.908,0.9622282385826112,0.0170812010765075,0.0568040971359608,0.956,0.843966007232666,0.0430718660354614,0.114836072902548,0.91
99,retrain_ablation,hjorth_mobility,0.8186702728271484,0.0466892719268798,0.8186389207839966,0.0168348550796508,0.126231471366067,0.87,0.7446354627609253,0.0149818658828735,0.1421322425399722,0.902,0.8533648252487183,0.1259446144104004,0.1119218629929532,0.88,0.8580416440963745,0.0289962291717529,0.1095340627547612,0.904
99,retrain_ablation,hjorth_complexity,0.8397512435913086,0.0256083011627197,0.8280449509620667,0.0074288249015808,0.1229144849745387,0.902,0.7437241077423096,0.0158932209014892,0.1423856387877692,0.896,0.9365023970603944,0.0428070425987243,0.0736503195186483,0.928,0.8507336378097534,0.036304235458374,0.1123180856601813,0.912
105,masked_npe,,0.8427320718765259,0.0,0.8281391263008118,0.0,0.122880830119548,0.924,0.7236979603767395,0.0,0.1478442307929953,0.934,0.961053729057312,0.0,0.0576804627233229,0.95,0.8580374717712402,0.0,0.109535675092113,0.918
105,masked_npe,skewness,0.8008554577827454,0.0418766140937805,0.8173973560333252,0.0107417702674865,0.1266628038544309,0.888,0.6169010996818542,0.1067968606948852,0.1740875793768423,0.882,0.9581271409988404,0.0029265880584716,0.0598083915956635,0.914,0.8109962940216064,0.0470411777496337,0.1263874166347367,0.868
105,masked_npe,kurtosis,0.8145049810409546,0.0282270908355712,0.8098812699317932,0.0182578563690185,0.1292433067903863,0.892,0.6604242920875549,0.0632736682891845,0.1639006270298897,0.922,0.9556815028190612,0.0053722262382507,0.0615301981401898,0.94,0.8320329189300537,0.0260045528411865,0.1191463558430501,0.902
105,masked_npe,spectral_slope,0.8349989652633667,0.0077331066131591,0.8246704339981079,0.0034686923027038,0.1241146766525005,0.928,0.7175496220588684,0.006148338317871,0.1494801073001567,0.922,0.9504635334014891,0.0105901956558227,0.0650516679329316,0.94,0.8473120927810669,0.0107253789901733,0.1135980880370591,0.912
105,masked_npe,total_log_power,0.6906267404556274,0.1521053314208984,0.5314881801605225,0.2966509461402893,0.2028877612402047,0.826,0.6563142538070679,0.0673837065696716,0.1648895308395501,0.854,0.871891438961029,0.0891622900962829,0.10461282062919,0.834,0.7028130292892456,0.1552244424819946,0.1584833241377909,0.812
105,masked_npe,dominant_freq,0.8140411972999573,0.0286908745765686,0.7931479215621948,0.0349912047386169,0.1348110516315875,0.92,0.7080795764923096,0.0156183838844299,0.1519653338409984,0.95,0.9528803825378418,0.0081733465194702,0.0634448998459123,0.936,0.8020570874214172,0.055980384349823,0.1293417453601737,0.92
105,masked_npe,hjorth_mobility,0.7936826944351196,0.0490493774414062,0.783148467540741,0.0449906587600708,0.1380310613058605,0.872,0.7159446477890015,0.007753312587738,0.1499042115733744,0.928,0.8238310217857361,0.1372227072715759,0.122676275982823,0.848,0.8518067002296448,0.0062307715415954,0.1119136362099304,0.914
105,masked_npe,hjorth_complexity,0.8135184049606323,0.0292136669158935,0.8103480935096741,0.0177910327911376,0.1290845345568928,0.912,0.7050012350082397,0.0186967253684997,0.1527644862770544,0.916,0.908109486103058,0.0529442429542541,0.0885994921393451,0.916,0.8306146860122681,0.0274227857589721,0.1196483194563402,0.912
105,dedicated_npe,,0.8439928889274597,0.0,0.8243612051010132,0.0,0.1242240898651963,0.928,0.7310859560966492,0.0,0.1458542426695367,0.912,0.9590718746185304,0.0,0.0591298583171556,0.948,0.8614525198936462,0.0,0.1082101618062506,0.916
105,retrain_ablation,skewness,0.8460474610328674,-0.0020545721054077,0.8257676362991333,-0.0014064311981201,0.1237257163897429,0.88,0.7013144493103027,0.0297715067863464,0.1537161247043409,0.896,0.9771057963371276,-0.0180339217185974,0.0442240881104721,0.922,0.8800020217895508,-0.0185495018959045,0.1007060857968164,0.874
105,retrain_ablation,kurtosis,0.8401018977165222,0.0038909912109375,0.8213036060333252,0.0030575990676879,0.1253006905106818,0.904,0.6974302530288696,0.0336557030677795,0.1547123785782125,0.908,0.974754273891449,-0.0156823992729187,0.0464397443354756,0.932,0.8669195175170898,-0.0054669976234436,0.1060537143427446,0.892
105,retrain_ablation,spectral_slope,0.8534600138664246,-0.0094671249389648,0.8245590329170227,-0.0001978278160095,0.1241541144241265,0.896,0.7449012994766235,-0.0138153433799743,0.1420582407571184,0.914,0.9704505801200868,-0.0113787055015563,0.0502423945324691,0.936,0.873928964138031,-0.0124764442443847,0.1032229766497839,0.892
105,retrain_ablation,total_log_power,0.8003919720649719,0.0436009168624877,0.7148338556289673,0.1095273494720459,0.1582867587167706,0.87,0.7075541019439697,0.0235318541526794,0.1521020617400185,0.888,0.9373403787612916,0.0217314958572387,0.0731626868520241,0.896,0.8418394923210144,0.0196130275726318,0.1156159497307168,0.86
105,retrain_ablation,dominant_freq,0.8261842727661133,0.0178086161613464,0.7930254936218262,0.031335711479187,0.1348509516065876,0.918,0.7076269388198853,0.0234590172767639,0.152083115835868,0.912,0.962113618850708,-0.0030417442321777,0.0568901982198973,0.954,0.8419708013534546,0.0194817185401916,0.1155679450732947,0.894
105,retrain_ablation,hjorth_mobility,0.8096473813056946,0.0343455076217651,0.8008028268814087,0.0235583782196044,0.1322931073848835,0.89,0.7319403886795044,-0.0008544325828552,0.1456223397913271,0.922,0.8459290266036987,0.1131428480148315,0.1147245438866958,0.89,0.859917402267456,0.0015351176261901,0.1088079949984811,0.93
105,retrain_ablation,hjorth_complexity,0.8376255631446838,0.0063673257827758,0.8216195106506348,0.0027416944503784,0.1251898906878634,0.918,0.7381945848464966,-0.0071086287498474,0.143913533385676,0.902,0.9314667582511902,0.02760511636734,0.0765149955264844,0.928,0.8592214584350586,0.0022310614585876,0.1090779432668417,0.92
