seed,features,n_features,masked_epochs,masked_train_seconds,prior_entropy,masked_logprob_all,masked_logprob_none,masked_info_lower_bound_all,in_prior_mass_all,in_prior_mass_leave_one_out,in_prior_mass_mean,masked_r2_all,dedicated_logprob_all,dedicated_epochs,dedicated_train_seconds,dedicated_r2_all,unique_vs_retrain_spearman,unique_vs_retrain_pearson,unique_vs_retrain_mae,r2_drop_vs_retrain_spearman,r2_drop_vs_retrain_pearson,r2_drop_vs_retrain_mae
0,"[""skewness"", ""kurtosis"", ""spectral_slope"", ""total_log_power"", ""dominant_freq"", ""hjorth_mobility"", ""hjorth_complexity""]",7,288,161.8,-0.6435345549901853,9.027411246163398,0.5676680243447423,8.383876691173212,0.9482138543685932,0.9420576998974076,0.9329625494285484,0.8382657170295715,9.547453511507436,215.0,117.5,0.8523675799369812,0.9642857142857144,0.9956685813398684,0.5669510850864331,0.9642857142857144,0.9860844935639296,0.0134535985333578
1,"[""skewness"", ""kurtosis"", ""spectral_slope"", ""total_log_power"", ""dominant_freq"", ""hjorth_mobility"", ""hjorth_complexity""]",7,189,108.2,-0.6435345549901853,8.341504297551886,0.5735419714968651,7.697969742561701,0.9411287038163358,0.9359253084791438,0.92918024631545,0.8317483067512512,9.002762780782207,132.0,71.6,0.8417305946350098,0.7857142857142859,0.7250381887157122,1.1432395421427282,0.4285714285714286,0.7203964670602389,0.0450394047158105
5,"[""skewness"", ""kurtosis"", ""spectral_slope"", ""total_log_power"", ""dominant_freq"", ""hjorth_mobility"", ""hjorth_complexity""]",7,198,109.3,-0.6435345549901853,8.369617024997249,0.5862535478256643,7.726082470007063,0.9484910803922116,0.942592351751154,0.9349858467310213,0.8321481943130493,9.789242630023509,246.0,152.4,0.8525073528289795,0.7500000000000002,0.6579620807364557,0.4552573769312348,0.4642857142857144,0.8465482513214009,0.0296042774404798
10,"[""skewness"", ""kurtosis"", ""spectral_slope"", ""total_log_power"", ""dominant_freq"", ""hjorth_mobility"", ""hjorth_complexity""]",7,285,156.6,-0.6435345549901853,9.06696677110344,0.5775165351379663,8.423432216113255,0.9359683087695968,0.9321674590167754,0.9247203144597852,0.8457233905792236,9.225756727790088,161.0,88.0,0.8503471612930298,0.9642857142857144,0.95260706247332,0.6803471038428259,0.8928571428571429,0.987593143926874,0.0157473066023417
15,"[""skewness"", ""kurtosis"", ""spectral_slope"", ""total_log_power"", ""dominant_freq"", ""hjorth_mobility"", ""hjorth_complexity""]",7,237,130.5,-0.6435345549901853,8.686625224510207,0.5611200562573969,8.043090669520021,0.9423366243359594,0.9338229033534604,0.9226667243826944,0.834976851940155,9.829624713181705,263.0,141.6,0.8608009815216064,1.0,0.9231314602629498,0.3478035791997387,0.642857142857143,0.965611563304728,0.0185897073575428
50,"[""skewness"", ""kurtosis"", ""spectral_slope"", ""total_log_power"", ""dominant_freq"", ""hjorth_mobility"", ""hjorth_complexity""]",7,238,139.0,-0.6435345549901853,8.748524263418838,0.556779440869391,8.104989708428652,0.945199990958054,0.940692494020628,0.9336498020451478,0.8360243439674377,9.297207050167396,161.0,87.3,0.8489477634429932,0.8571428571428573,0.8636986939444001,0.8085229058576492,0.7500000000000002,0.8621497876794451,0.0316610357591084
55,"[""skewness"", ""kurtosis"", ""spectral_slope"", ""total_log_power"", ""dominant_freq"", ""hjorth_mobility"", ""hjorth_complexity""]",7,288,156.7,-0.6435345549901853,9.13176964497827,0.5942702013090253,8.488235089988084,0.9402613767905508,0.9271932002168192,0.9150479428976246,0.8446763157844543,9.104638439546154,165.0,89.1,0.8415075540542603,0.9642857142857144,0.9598558278914624,1.2978232125950702,0.5357142857142858,0.9213806878632188,0.041599405663354
99,"[""skewness"", ""kurtosis"", ""spectral_slope"", ""total_log_power"", ""dominant_freq"", ""hjorth_mobility"", ""hjorth_complexity""]",7,222,139.7,-0.6435345549901853,8.537825072152167,0.5600740634508431,7.894290517161981,0.9308158314004588,0.9310732564435348,0.9298685201632156,0.8226041197776794,9.852859668121488,274.0,168.4,0.8653595447540283,0.8928571428571429,0.9520393461473716,0.5328363165627618,0.7857142857142859,0.973183120922037,0.0103489628859928
105,"[""skewness"", ""kurtosis"", ""spectral_slope"", ""total_log_power"", ""dominant_freq"", ""hjorth_mobility"", ""hjorth_complexity""]",7,262,143.2,-0.6435345549901853,9.000438486006484,0.5777123456552624,8.356903931016298,0.9343247435073888,0.9300871185090596,0.9246018114459864,0.8427320718765259,8.922669946630299,135.0,72.8,0.8439928889274597,0.9285714285714288,0.8545336999611277,1.1486725179391255,0.7500000000000002,0.7941109521502354,0.0346291937998363
