seed,model,left_out_feature,r2_mean,r2_drop_mean,r2_theta1,r2_drop_theta1,nrmse_theta1,coverage90_theta1,r2_theta2,r2_drop_theta2,nrmse_theta2,coverage90_theta2,r2_theta3,r2_drop_theta3,nrmse_theta3,coverage90_theta3,r2_theta4,r2_drop_theta4,nrmse_theta4,coverage90_theta4
0,masked_npe,,0.6882569789886475,0.0,0.9759238958358764,0.0,0.0385959781706333,0.902,0.7937831878662109,0.0,0.1175548583269119,0.862,0.4168657660484314,0.0,0.1840982139110565,0.88,0.5664550065994263,0.0,0.1651274263858795,0.898
0,masked_npe,f1_strong_t1,0.4348863661289215,0.2533706128597259,-0.0263574123382568,1.0022813081741333,0.251998633146286,0.882,0.7966519594192505,-0.0028687715530395,0.1167343109846115,0.864,0.4047350883483886,0.0121306777000427,0.1860032230615615,0.868,0.5645158290863037,0.0019391775131225,0.1654963195323944,0.91
0,masked_npe,f2_strong_t2,0.4862475991249084,0.202009379863739,0.975747048854828,0.0001768469810485,0.0387374684214592,0.9,-0.0093766450881958,0.8031598329544067,0.2600789368152618,0.85,0.4129121899604797,0.0039535760879516,0.1847212612628936,0.88,0.565707802772522,0.0007472038269042,0.165269672870636,0.898
0,masked_npe,f3_dup_a,0.6872358322143555,0.0010211467742919,0.9754034280776978,0.0005204677581787,0.039010927081108,0.908,0.7948194742202759,-0.0010362863540649,0.1172591000795364,0.872,0.4156906604766845,0.0011751055717468,0.1842836290597915,0.928,0.5630298256874084,0.0034251809120178,0.1657784283161163,0.91
0,masked_npe,f4_dup_b,0.6834131479263306,0.0048438310623168,0.9747362732887268,0.0011876225471496,0.039536464959383,0.896,0.792619526386261,0.0011636614799499,0.1178860664367675,0.876,0.4001669287681579,0.0166988372802734,0.1867155581712722,0.932,0.5661298036575317,0.0003252029418945,0.1651893407106399,0.912
0,masked_npe,f5_null,0.6872966885566711,0.0009602904319763,0.975820004940033,0.0001038908958435,0.038679152727127,0.894,0.7940524816513062,-0.0002692937850952,0.11747807264328,0.858,0.4113832116127014,0.0054825544357299,0.1849616318941116,0.882,0.5679311752319336,-0.0014761686325073,0.1648460775613784,0.904
0,masked_npe,f6_suppressor,0.5177708864212036,0.1704860925674438,0.2944750785827636,0.6814488172531128,0.208932027220726,0.92,0.7985202074050903,-0.0047370195388793,0.1161968261003494,0.864,0.4101878404617309,0.0066779255867004,0.1851493418216705,0.868,0.5679004192352295,-0.0014454126358032,0.1648519337177276,0.9
0,masked_npe,f7_weak,0.6656608581542969,0.0225961208343505,0.976212203502655,-0.0002883076667785,0.0383641645312309,0.906,0.7961390018463135,-0.0023558139801025,0.1168814599514007,0.87,0.4159529209136963,0.0009128451347351,0.1842422634363174,0.878,0.4743391275405884,0.0921158790588378,0.181825578212738,0.89
0,masked_npe,f8_bigcoef,0.6139888763427734,0.074268102645874,0.9761980772018432,-0.0002741813659667,0.0383755527436733,0.906,0.7932952642440796,0.0004879236221313,0.1176938340067863,0.866,0.4134539365768432,0.0034118294715881,0.1846360117197036,0.888,0.2730084061622619,0.2934466004371643,0.2138291150331497,0.89
0,masked_npe,noise_0,0.6879869699478149,0.0002700090408325,0.9764577150344848,-0.0005338191986083,0.0381656810641288,0.896,0.7928685545921326,0.0009146332740783,0.1178152710199356,0.868,0.4182981848716736,-0.0014324188232421,0.1838719695806503,0.88,0.5643235445022583,0.0021314620971679,0.1655328571796417,0.904
0,dedicated_npe,,0.6894439458847046,0.0,0.976650595664978,0.0,0.0380090288817882,0.88,0.7941304445266724,0.0,0.1174558401107788,0.866,0.4204569458961487,0.0,0.1835304647684097,0.882,0.5665378570556641,0.0,0.1651116609573364,0.888
0,retrain_ablation,f1_strong_t1,0.4413672685623169,0.2480766773223877,-0.0086160898208618,0.9852666854858398,0.2498111426830291,0.888,0.7958711385726929,-0.0017406940460205,0.1169582232832908,0.888,0.4179049134254455,0.0025520324707031,0.1839341223239898,0.898,0.560309112071991,0.006228744983673,0.1662937253713607,0.888
0,retrain_ablation,f2_strong_t2,0.488284170627594,0.2011597752571106,0.977311074733734,-0.0006604790687561,0.0374675840139389,0.88,-0.0092005729675292,0.8033310174942017,0.2600562274456024,0.868,0.4165175557136535,0.0039393901824951,0.1841531693935394,0.89,0.5685086250305176,-0.0019707679748535,0.1647358834743499,0.894
0,retrain_ablation,f3_dup_a,0.6862679719924927,0.0031759738922119,0.9769723415374756,-0.0003217458724975,0.037746250629425,0.878,0.794224739074707,-9.429454803466796e-05,0.1174289435148239,0.882,0.410473883152008,0.0099830627441406,0.1851044446229934,0.884,0.5634011030197144,0.0031367540359497,0.1657080054283142,0.888
0,retrain_ablation,f4_dup_b,0.6842694282531738,0.0051745176315307,0.9770318865776062,-0.0003812909126281,0.0376974008977413,0.876,0.7951616048812866,-0.0010311603546142,0.1171613037586212,0.874,0.403273344039917,0.0171836018562316,0.1862314492464065,0.878,0.5616110563278198,0.0049268007278442,0.1660473346710205,0.89
0,retrain_ablation,f5_null,0.6879286170005798,0.0015153288841247,0.9778428077697754,-0.0011922121047973,0.037025973200798,0.898,0.7949607372283936,-0.0008302927017211,0.1172187402844429,0.872,0.4171440601348877,0.0033128857612609,0.184054285287857,0.886,0.5617668628692627,0.0047709941864013,0.1660178303718567,0.886
0,retrain_ablation,f6_suppressor,0.5210138559341431,0.1684300899505615,0.3058804273605346,0.6707701683044434,0.2072363793849945,0.91,0.7967642545700073,-0.0026338100433349,0.1167020872235298,0.882,0.4204692244529724,-1.2278556823730469e-05,0.1835285276174545,0.898,0.5609413385391235,0.0055965185165405,0.1661741286516189,0.892
0,retrain_ablation,f7_weak,0.6635249257087708,0.0259190201759338,0.9780465364456176,-0.0013959407806396,0.0368553586304187,0.88,0.7971659302711487,-0.0030354857444763,0.1165866926312446,0.87,0.4208223223686218,-0.0003653764724731,0.183472603559494,0.894,0.4580647349357605,0.1084731221199035,0.1846187710762024,0.888
0,retrain_ablation,f8_bigcoef,0.6200366020202637,0.0694073438644409,0.9784106612205504,-0.0017600655555725,0.0365483947098255,0.892,0.7928653955459595,0.0012650489807128,0.1178161650896072,0.878,0.4174528121948242,0.0030041337013244,0.1840055286884308,0.888,0.2914177179336548,0.2751201391220093,0.2111043930053711,0.906
0,retrain_ablation,noise_0,0.6879764199256897,0.0014675259590148,0.9783985018730164,-0.0017479062080383,0.0365587137639522,0.894,0.7954899072647095,-0.0013594627380371,0.1170673891901969,0.886,0.4155870079994201,0.0048699378967285,0.18429996073246,0.886,0.5624304413795471,0.0041074156761169,0.165892094373703,0.898
1,masked_npe,,0.6884695291519165,0.0,0.9779465198516846,0.0,0.0369392149150371,0.86,0.7999043464660645,0.0,0.1157970204949379,0.858,0.4136474132537842,0.0,0.1846055537462234,0.874,0.5623797178268433,0.0,0.165901705622673,0.9
1,masked_npe,f1_strong_t1,0.4393988847732544,0.2490706443786621,-0.0047459602355957,0.9826924800872804,0.2493314146995544,0.884,0.7996939420700073,0.0002104043960571,0.1158578917384147,0.856,0.4025205373764038,0.0111268758773803,0.1863489001989364,0.87,0.5601270198822021,0.0022526979446411,0.1663281470537185,0.904
1,masked_npe,f2_strong_t2,0.4889519810676574,0.199517548084259,0.9780195951461792,-7.30752944946289e-05,0.0368779599666595,0.86,0.0014216303825378,0.7984827160835266,0.2586840391159057,0.854,0.4123948812484741,0.00125253200531,0.1848026067018509,0.874,0.563971757888794,-0.0015920400619506,0.1655996739864349,0.896
1,masked_npe,f3_dup_a,0.6875262260437012,0.0009433031082153,0.97777259349823,0.0001739263534545,0.0370845645666122,0.864,0.7984373569488525,0.0014669895172119,0.1162207275629043,0.852,0.4136688709259033,-2.1457672119140625e-05,0.1846021711826324,0.92,0.5602259039878845,0.0021538138389587,0.1663094609975814,0.906
1,masked_npe,f4_dup_b,0.6824499368667603,0.0060195922851562,0.9777081608772278,0.0002383589744567,0.037138283252716,0.87,0.7980666160583496,0.0018377304077148,0.116327553987503,0.854,0.3918065428733825,0.0218408703804016,0.1880122721195221,0.91,0.5622185468673706,0.0001611709594726,0.1659322679042816,0.902
1,masked_npe,f5_null,0.6882569193840027,0.0002126097679138,0.9775124788284302,0.0004340410232543,0.0373009480535984,0.866,0.799917459487915,-1.3113021850585938e-05,0.115793228149414,0.856,0.412138283252716,0.0015091300010681,0.1848429590463638,0.874,0.5634593963623047,-0.0010796785354614,0.1656969338655471,0.898
1,masked_npe,f6_suppressor,0.5197469592094421,0.1687225699424743,0.3097596168518066,0.6681869029998779,0.2066565006971359,0.91,0.797958493232727,0.0019458532333374,0.1163586899638176,0.85,0.4078698754310608,0.0057775378227233,0.1855127960443496,0.872,0.5633997917175293,-0.001020073890686,0.1657082438468933,0.896
1,masked_npe,f7_weak,0.6665365695953369,0.0219329595565795,0.9776110649108888,0.0003354549407958,0.03721908852458,0.87,0.7990427613258362,0.0008615851402282,0.11604605615139,0.85,0.413483202457428,0.0001642107963562,0.1846313923597335,0.87,0.4760094285011291,0.0863702893257141,0.181536465883255,0.9
1,masked_npe,f8_bigcoef,0.6200958490371704,0.0683736801147461,0.9780498147010804,-0.0001032948493957,0.0368525758385658,0.874,0.798410952091217,0.0014933943748474,0.1162283420562744,0.862,0.4164432883262634,-0.0027958750724792,0.184164896607399,0.874,0.2874793410301208,0.2749003767967224,0.2116902619600296,0.906
1,masked_npe,noise_0,0.6884545087814331,1.5020370483398438e-05,0.9773145318031312,0.0006319880485534,0.0374647229909896,0.852,0.7988041043281555,0.0011002421379089,0.1161149442195892,0.844,0.4126213788986206,0.0010260343551635,0.1847669929265976,0.876,0.5650780200958252,-0.0026983022689819,0.1653894633054733,0.902
1,dedicated_npe,,0.6877633333206177,0.0,0.9773924350738524,0.0,0.0374003611505031,0.88,0.7980928421020508,0.0,0.1163200065493583,0.878,0.4099750518798828,0.0,0.1851827502250671,0.894,0.5655931234359741,0.0,0.1652914881706237,0.886
1,retrain_ablation,f1_strong_t1,0.4421072602272033,0.2456560730934143,-0.0050462484359741,0.9824386835098268,0.2493686825037002,0.904,0.7960989475250244,0.0019938945770263,0.1168929263949394,0.876,0.413304328918457,-0.0033292770385742,0.1846595406532287,0.898,0.5640720129013062,0.0015211105346679,0.1655806303024292,0.882
1,retrain_ablation,f2_strong_t2,0.4877996444702148,0.1999636888504028,0.9787613749504088,-0.0013689398765563,0.0362503305077552,0.892,-0.0024867057800292,0.8005795478820801,0.2591897845268249,0.876,0.4137220978736877,-0.0037470459938049,0.1845937967300415,0.898,0.5612018704414368,0.0043912529945373,0.1661248207092285,0.886
1,retrain_ablation,f3_dup_a,0.6860372424125671,0.0017260909080505,0.9781322479248048,-0.0007398128509521,0.0367833264172077,0.89,0.7971897125244141,0.0009031295776367,0.1165798678994178,0.874,0.41174978017807,-0.0017747282981872,0.1849040240049362,0.896,0.557077169418335,0.0085159540176391,0.1669037789106369,0.886
1,retrain_ablation,f4_dup_b,0.6822673678398132,0.0054959654808044,0.978156328201294,-0.0007638931274414,0.0367630831897258,0.886,0.7973998785018921,0.0006929636001586,0.1165194436907768,0.87,0.3945595622062683,0.0154154896736145,0.1875862628221511,0.884,0.5589538216590881,0.0066393017768859,0.1665498167276382,0.892
1,retrain_ablation,f5_null,0.6882760524749756,-0.0005127191543579,0.977859914302826,-0.0004674792289733,0.0370116420090198,0.876,0.7963414192199707,0.00175142288208,0.1168234124779701,0.87,0.4176498055458069,-0.007674753665924,0.183974415063858,0.892,0.5612531900405884,0.0043399333953857,0.1661150902509689,0.888
1,retrain_ablation,f6_suppressor,0.5180864930152893,0.1696768403053283,0.3009247779846191,0.6764676570892334,0.2079748511314392,0.908,0.7970178127288818,0.0010750293731689,0.1166292503476142,0.878,0.413388729095459,-0.0034136772155761,0.184646263718605,0.896,0.5610145926475525,0.0045785307884216,0.1661602705717086,0.89
1,retrain_ablation,f7_weak,0.6643034815788269,0.0234598517417907,0.9775224328041076,-0.0001299977302551,0.0372926667332649,0.862,0.7994914650917053,-0.0013986229896545,0.1159164309501648,0.88,0.4101678133010864,-0.0001927614212036,0.1851524859666824,0.89,0.470032274723053,0.0955608487129211,0.1825689226388931,0.88
1,retrain_ablation,f8_bigcoef,0.6212542057037354,0.0665091276168823,0.9783626794815063,-0.0009702444076538,0.0365890190005302,0.878,0.7967396974563599,0.0013531446456909,0.1167091280221939,0.864,0.4146939516067505,-0.0047188997268676,0.1844407320022583,0.898,0.2952203750610351,0.2703727483749389,0.2105371803045272,0.898
1,retrain_ablation,noise_0,0.6870325207710266,0.000730812549591,0.9780879020690918,-0.0006954669952392,0.0368206165730953,0.89,0.796685516834259,0.0014073252677917,0.1167246848344802,0.878,0.4109184741973877,-0.0009434223175048,0.1850346326828003,0.9,0.5624382495880127,0.0031548738479614,0.1658906191587448,0.884
5,masked_npe,,0.6871379613876343,0.0,0.9766867756843568,0.0,0.0379795506596565,0.894,0.7976284027099609,0.0,0.1164536997675895,0.872,0.4147816896438598,0.0,0.1844269037246704,0.874,0.5594549775123596,0.0,0.1664551645517349,0.91
5,masked_npe,f1_strong_t1,0.4384451806545257,0.2486927807331085,-0.0190492868423461,0.9957360625267028,0.2510998547077179,0.876,0.798160970211029,-0.0005325675010681,0.1163003742694854,0.88,0.412311315536499,0.0024703741073608,0.1848157495260238,0.884,0.5623577833175659,-0.0029028058052062,0.1659058630466461,0.908
5,masked_npe,f2_strong_t2,0.4857385754585266,0.2013993859291076,0.9769431948661804,-0.0002564191818237,0.0377701446413993,0.892,-0.012864351272583,0.810492753982544,0.2605278789997101,0.868,0.4181880950927734,-0.0034064054489135,0.1838893592357635,0.882,0.5606873035430908,-0.0012323260307312,0.1662221997976303,0.902
5,masked_npe,f3_dup_a,0.6844577789306641,0.0026801824569702,0.9764741659164428,0.0002126097679138,0.0381523482501506,0.888,0.7983056306838989,-0.0006772279739379,0.1162587031722068,0.884,0.4043640494346618,0.0104176402091979,0.1860611736774444,0.916,0.5586872696876526,0.000767707824707,0.1666001379489898,0.906
5,masked_npe,f4_dup_b,0.6817402243614197,0.0053977370262146,0.9771053194999696,-0.0004185438156127,0.0376370958983898,0.898,0.7967677712440491,0.0008606314659118,0.1167010739445686,0.876,0.3941863775253296,0.0205953121185302,0.1876440644264221,0.912,0.5589015483856201,0.0005534291267395,0.1665596961975097,0.91
5,masked_npe,f5_null,0.6888716220855713,-0.001733660697937,0.9763786792755128,0.0003080964088439,0.0382297150790691,0.892,0.7970094680786133,0.0006189346313476,0.1166316568851471,0.874,0.4189960956573486,-0.0042144060134887,0.1837616264820099,0.886,0.5631023645401001,-0.0036473870277404,0.1657646745443344,0.906
5,masked_npe,f6_suppressor,0.520928144454956,0.1662098169326782,0.3085143566131592,0.6681724190711975,0.2068428099155426,0.914,0.7997922301292419,-0.002163827419281,0.1158294454216957,0.874,0.416552722454071,-0.0017710328102111,0.1841476261615753,0.876,0.5588532090187073,0.0006017684936523,0.1665688157081604,0.904
5,masked_npe,f7_weak,0.6654848456382751,0.0216531157493591,0.9770599603652954,-0.0003731846809387,0.0376743748784065,0.902,0.7985928654670715,-0.0009644627571105,0.1161758825182914,0.894,0.4128502607345581,0.0019314289093017,0.1847309917211532,0.886,0.4734361171722412,0.0860188603401184,0.1819816827774047,0.89
5,masked_npe,f8_bigcoef,0.6147300004959106,0.0724079608917236,0.9762613773345948,0.0004253983497619,0.0383244976401329,0.9,0.796786904335022,0.0008414983749389,0.1166955828666687,0.884,0.4118556976318359,0.0029259920120239,0.1848873794078827,0.888,0.2740159034729004,0.2854390740394592,0.2136808931827545,0.894
5,masked_npe,noise_0,0.6876339316368103,-0.000495970249176,0.976683497428894,3.2782554626464844e-06,0.0379822626709938,0.882,0.8000707030296326,-0.0024423003196716,0.1157488673925399,0.878,0.4155542254447937,-0.0007725358009338,0.1843051463365554,0.89,0.5582273006439209,0.0012276768684387,0.1666869521141052,0.904
5,dedicated_npe,,0.6868108510971069,0.0,0.9771801233291626,0.0,0.0375755801796913,0.876,0.7931020855903625,0.0,0.1177488341927528,0.868,0.4238686561584472,0.0,0.1829894483089447,0.898,0.5530925989151001,0.0,0.1676528304815292,0.88
5,retrain_ablation,f1_strong_t1,0.4429152309894562,0.2438956201076507,-0.0005526542663574,0.97773277759552,0.2488105744123459,0.898,0.7962404489517212,-0.0031383633613586,0.1168523803353309,0.882,0.4199109077453613,0.0039577484130859,0.1836169064044952,0.904,0.5560622215270996,-0.0029696226119995,0.1670949012041092,0.886
5,retrain_ablation,f2_strong_t2,0.4885936379432678,0.1982172131538391,0.9761170148849488,0.0010631084442138,0.0384408831596374,0.886,-0.0019092559814453,0.7950113415718079,0.2591150999069214,0.854,0.4209530353546142,0.002915620803833,0.1834518909454345,0.896,0.5592137575149536,-0.0061211585998535,0.1665007323026657,0.886
5,retrain_ablation,f3_dup_a,0.6874109506607056,-0.0006000995635986,0.9770225882530212,0.0001575350761413,0.0377050377428531,0.87,0.7975789904594421,-0.0044769048690795,0.1164679303765297,0.856,0.4235110282897949,0.0003576278686523,0.1830462515354156,0.906,0.5515314340591431,0.001561164855957,0.1679453998804092,0.886
5,retrain_ablation,f4_dup_b,0.6825413107872009,0.004269540309906,0.9763879776000975,0.0007921457290649,0.0382221564650535,0.878,0.7960500717163086,-0.002947986125946,0.1169069409370422,0.876,0.4016864895820617,0.0221821665763854,0.1864789128303527,0.886,0.5560407042503357,-0.0029481053352355,0.1670989543199539,0.886
5,retrain_ablation,f5_null,0.6892726421356201,-0.0024617910385131,0.977096676826477,8.344650268554688e-05,0.037644188851118,0.884,0.7957889437675476,-0.002686858177185,0.1169817671179771,0.864,0.4234598278999328,0.0004088282585144,0.1830543726682663,0.898,0.5607452988624573,-0.0076526999473571,0.1662112325429916,0.898
5,retrain_ablation,f6_suppressor,0.5191599130630493,0.1676509380340576,0.3039257526397705,0.6732543706893921,0.2075279802083969,0.912,0.7972411513328552,-0.0041390657424926,0.1165650784969329,0.882,0.4219558835029602,0.001912772655487,0.1832929700613021,0.898,0.5535169839859009,-0.0004243850708007,0.1675732284784317,0.884
5,retrain_ablation,f7_weak,0.6651579737663269,0.02165287733078,0.9777019023895264,-0.0005217790603637,0.037143487483263,0.872,0.7946612238883972,-0.0015591382980346,0.1173043176531791,0.868,0.4258013367652893,-0.001932680606842,0.1826822757720947,0.902,0.4624674916267395,0.0906251072883606,0.1838673055171966,0.886
5,retrain_ablation,f8_bigcoef,0.6234122514724731,0.0633985996246337,0.97758686542511,-0.0004067420959472,0.037239171564579,0.882,0.7966262102127075,-0.0035241246223449,0.1167417094111442,0.852,0.4239509701728821,-8.231401443481445e-05,0.1829763799905777,0.9,0.2954850792884826,0.2576075196266174,0.21049764752388,0.898
5,retrain_ablation,noise_0,0.686527669429779,0.0002831816673278,0.9778203964233398,-0.0006402730941772,0.037044670432806,0.874,0.7947859764099121,-0.0016838908195495,0.117268681526184,0.868,0.422030508518219,0.0018381476402282,0.1832811385393142,0.892,0.55147385597229,0.00161874294281,0.1679562032222747,0.894
10,masked_npe,,0.6867036819458008,0.0,0.9790875911712646,0.0,0.0359708443284034,0.888,0.8021414279937744,0.0,0.1151478961110115,0.886,0.4088960289955139,0.0,0.1853519976139068,0.88,0.5566898584365845,0.0,0.1669767349958419,0.894
10,masked_npe,f1_strong_t1,0.439682126045227,0.2470215559005737,-0.0025230646133422,0.9816106557846068,0.2490554451942443,0.886,0.8005346059799194,0.0016068220138549,0.115614503622055,0.882,0.4070558547973633,0.0018401741981506,0.185640275478363,0.882,0.5536611080169678,0.0030287504196166,0.1675461679697036,0.89
10,masked_npe,f2_strong_t2,0.4845323264598846,0.2021713554859161,0.9792721271514891,-0.0001845359802246,0.0358117893338203,0.896,-0.0049077272415161,0.8070491552352905,0.2595025599002838,0.86,0.4072619676589966,0.0016340613365173,0.1856080144643783,0.884,0.5565029382705688,0.0001869201660156,0.1670119315385818,0.906
10,masked_npe,f3_dup_a,0.6865684986114502,0.0001351833343505,0.9791949391365052,-0.0001073479652404,0.0358784161508083,0.886,0.8020614981651306,7.992982864379883e-05,0.1151711419224739,0.884,0.4075548052787781,0.0013412237167358,0.1855621635913849,0.914,0.5574626922607422,-0.0007728338241577,0.1668311357498169,0.888
10,masked_npe,f4_dup_b,0.6827654838562012,0.0039381980895996,0.9783847332000732,0.0007028579711914,0.0365703701972961,0.874,0.8009828925132751,0.0011585354804992,0.1154845133423805,0.892,0.394019067287445,0.0148769617080688,0.1876699775457382,0.906,0.5576751828193665,-0.0009853243827819,0.1667910665273666,0.896
10,masked_npe,f5_null,0.6885857582092285,-0.0018820762634277,0.9785563945770264,0.0005311965942382,0.0364248305559158,0.892,0.8027071952819824,-0.000565767288208,0.1149831488728523,0.884,0.4160838723182678,-0.0071878433227539,0.1842216104269027,0.872,0.5569955706596375,-0.0003057122230529,0.1669191569089889,0.884
10,masked_npe,f6_suppressor,0.519889235496521,0.1668144464492797,0.3078969120979309,0.6711906790733337,0.2069351524114608,0.902,0.8019269704818726,0.0002144575119018,0.1152102723717689,0.882,0.4120126366615295,-0.0031166076660156,0.1848627179861068,0.882,0.5577205419540405,-0.001030683517456,0.1667825132608413,0.892
10,masked_npe,f7_weak,0.6637076139450073,0.0229960680007934,0.9789647459983826,0.000122845172882,0.0360763631761074,0.896,0.8002492189407349,0.0018922090530395,0.1156971827149391,0.894,0.4076691269874573,0.0012269020080566,0.1855442523956298,0.87,0.4679475426673889,0.0887423157691955,0.1829276531934738,0.89
10,masked_npe,f8_bigcoef,0.616131067276001,0.0705726146697998,0.9788697361946106,0.000217854976654,0.0361577644944191,0.892,0.799721896648407,0.0024195313453674,0.1158497929573059,0.888,0.4079658389091491,0.0009301900863647,0.1854977756738662,0.872,0.2779668569564819,0.2787230014801025,0.2130986452102661,0.904
10,masked_npe,noise_0,0.6862473487854004,0.0004563331604003,0.978973925113678,0.0001136660575866,0.0360685065388679,0.884,0.8015285730361938,0.0006128549575805,0.1153260767459869,0.892,0.40908282995224,-0.000186800956726,0.1853227019309997,0.876,0.5554039478302002,0.0012859106063842,0.16721872985363,0.886
10,dedicated_npe,,0.6883202791213989,0.0,0.9784445762634276,0.0,0.0365196913480758,0.86,0.7965055704116821,0.0,0.1167763248085975,0.866,0.4110866189002991,0.0,0.1850082278251648,0.88,0.567244291305542,0.0,0.1649770587682724,0.902
10,retrain_ablation,f1_strong_t1,0.4440474510192871,0.2442728281021118,-0.0004900693893432,0.978934645652771,0.2488027960062027,0.908,0.797895073890686,-0.0013895034790039,0.1163769513368606,0.884,0.4156335592269897,-0.0045469403266906,0.1842926293611526,0.894,0.5631512999534607,0.0040929913520812,0.1657553911209106,0.902
10,retrain_ablation,f2_strong_t2,0.4868439733982086,0.2014763057231903,0.9783394932746888,0.000105082988739,0.0366085916757583,0.882,-0.001270055770874,0.7977756261825562,0.2590324282646179,0.88,0.4108610153198242,0.0002256035804748,0.1850436627864837,0.886,0.5594455003738403,0.0077987909317016,0.1664569526910781,0.902
10,retrain_ablation,f3_dup_a,0.686431884765625,0.0018883943557739,0.9779748320579528,0.0004697442054748,0.036915473639965,0.884,0.7966458797454834,-0.0001403093338012,0.1167360693216323,0.87,0.410108208656311,0.000978410243988,0.1851618438959121,0.892,0.5609983205795288,0.0062459707260131,0.1661633551120758,0.892
10,retrain_ablation,f4_dup_b,0.6822918653488159,0.006028413772583,0.9777159690856934,0.0007286071777343,0.0371317565441131,0.884,0.7980551719665527,-0.0015496015548706,0.116330862045288,0.87,0.3942080736160278,0.0168785452842712,0.1876406967639923,0.88,0.5591884851455688,0.0080558061599731,0.1665055006742477,0.894
10,retrain_ablation,f5_null,0.6877456307411194,0.0005746483802795,0.9784122705459596,3.230571746826172e-05,0.0365470312535762,0.888,0.7986092567443848,-0.0021036863327026,0.1161711513996124,0.87,0.4089046120643616,0.0021820068359375,0.1853506416082382,0.886,0.565056324005127,0.002187967300415,0.165393590927124,0.894
10,retrain_ablation,f6_suppressor,0.5200943946838379,0.168225884437561,0.3115218877792358,0.6669226884841919,0.2063925117254257,0.912,0.7978465557098389,-0.0013409852981567,0.1163909286260604,0.886,0.4080420732498169,0.0030445456504821,0.18548583984375,0.89,0.56296706199646,0.004277229309082,0.1657903343439102,0.912
10,retrain_ablation,f7_weak,0.6662871837615967,0.0220330953598022,0.9777402281761168,0.0007043480873107,0.0371115617454052,0.858,0.7974867820739746,-0.0009812116622924,0.1164944544434547,0.872,0.4120392799377441,-0.000952661037445,0.1848585158586502,0.884,0.4778825044631958,0.0893617868423461,0.1812117099761963,0.886
10,retrain_ablation,f8_bigcoef,0.6219282746315002,0.0663920044898986,0.9782752990722656,0.0001692771911621,0.0366628281772136,0.882,0.7974318861961365,-0.0009263157844543,0.1165102422237396,0.872,0.4177519679069519,-0.0066653490066528,0.1839582771062851,0.88,0.2942538857460022,0.2729904055595398,0.2106814980506897,0.894
10,retrain_ablation,noise_0,0.6885762810707092,-0.0002560019493103,0.9787520170211792,-0.0003074407577514,0.0362583473324775,0.872,0.7977713942527771,-0.0012658238410949,0.1164125576615333,0.878,0.4119513034820556,-0.0008646845817565,0.1848723590373993,0.884,0.5658304691314697,0.0014138221740722,0.165246307849884,0.908
15,masked_npe,,0.6842300891876221,0.0,0.9787027835845948,0.0,0.0363002978265285,0.896,0.7959450483322144,0.0,0.1169370338320732,0.874,0.4016974568367004,0.0,0.1864771991968155,0.886,0.5605748891830444,0.0,0.1662434637546539,0.894
15,masked_npe,f1_strong_t1,0.4405838251113891,0.2436462640762329,-0.0039949417114257,0.9826977252960204,0.2492382079362869,0.882,0.7959550023078918,-9.953975677490234e-06,0.1169341951608657,0.866,0.4098162651062011,-0.0081188082695007,0.1852076649665832,0.888,0.560559093952179,1.5795230865478516e-05,0.1662464439868927,0.89
15,masked_npe,f2_strong_t2,0.485926866531372,0.19830322265625,0.978232741355896,0.0004700422286987,0.0366987101733684,0.896,0.0008390545845031,0.7951059937477112,0.258759468793869,0.86,0.4048729538917541,-0.0031754970550537,0.1859816759824752,0.894,0.5597627758979797,0.0008121132850646,0.1663970053195953,0.896
15,masked_npe,f3_dup_a,0.683844268321991,0.0003858208656311,0.9782704710960388,0.0004323124885559,0.0366668738424778,0.898,0.7960578203201294,-0.000112771987915,0.1169047281146049,0.878,0.3997856378555298,0.0019118189811706,0.1867749094963073,0.928,0.561263382434845,-0.0006884932518005,0.1661131680011749,0.896
15,masked_npe,f4_dup_b,0.6819586157798767,0.0022714734077453,0.9785358309745787,0.0001669526100158,0.0364422872662544,0.89,0.7977716326713562,-0.0018265843391418,0.1164124906063079,0.868,0.3907224535942077,0.0109750032424926,0.1881797611713409,0.924,0.5608046650886536,-0.0002297759056091,0.1661999970674514,0.892
15,masked_npe,f5_null,0.6857887506484985,-0.0015586614608764,0.9787602424621582,-5.745887756347656e-05,0.0362513102591037,0.904,0.796970784664154,-0.0010257363319396,0.1166427657008171,0.878,0.4069117307662964,-0.0052142739295959,0.1856628507375717,0.898,0.5605121850967407,6.270408630371094e-05,0.166255310177803,0.898
15,masked_npe,f6_suppressor,0.5180538296699524,0.1661762595176696,0.3087536692619324,0.6699491143226624,0.2068070173263549,0.916,0.7990978360176086,-0.0031527876853942,0.116030141711235,0.866,0.404295802116394,-0.0025983452796936,0.1860718429088592,0.882,0.5600680112838745,0.0005068778991699,0.1663393229246139,0.898
15,masked_npe,f7_weak,0.6620180010795593,0.0222120881080627,0.978102684020996,0.0006000995635986,0.0368081741034984,0.898,0.7952144145965576,0.0007306337356567,0.1171462014317512,0.872,0.4026525616645813,-0.0009551048278808,0.1863282918930053,0.898,0.472102403640747,0.0884724855422973,0.1822120100259781,0.878
15,masked_npe,f8_bigcoef,0.6153050065040588,0.0689250826835632,0.9778810739517212,0.0008217096328735,0.0369939617812633,0.896,0.7970657348632812,-0.0011206865310668,0.1166154891252517,0.87,0.4038438200950622,-0.0021463632583618,0.1861424148082733,0.89,0.2824293971061706,0.2781454920768738,0.2124391049146652,0.902
15,masked_npe,noise_0,0.6851736307144165,-0.0009435415267944,0.9790213704109192,-0.0003185868263244,0.0360277518630027,0.902,0.7977705001831055,-0.0018254518508911,0.1164128184318542,0.87,0.4025583267211914,-0.0008608698844909,0.1863429993391037,0.884,0.5613444447517395,-0.000769555568695,0.1660978347063064,0.904
15,dedicated_npe,,0.6869094371795654,0.0,0.9769391417503356,0.0,0.0377734266221523,0.858,0.7993848919868469,0.0,0.1159472167491912,0.878,0.4138442277908325,0.0,0.1845745593309402,0.904,0.5574694275856018,0.0,0.1668298542499542,0.888
15,retrain_ablation,f1_strong_t1,0.4411742985248565,0.2457351386547088,-0.007572054862976,0.9845111966133118,0.2496818155050277,0.912,0.7958027124404907,0.0035821795463562,0.1169778108596801,0.896,0.4116343855857849,0.0022098422050476,0.1849221587181091,0.906,0.5648320913314819,-0.0073626637458801,0.1654362082481384,0.898
15,retrain_ablation,f2_strong_t2,0.4869319498538971,0.1999774873256683,0.977350413799286,-0.0004112720489501,0.0374351032078266,0.87,0.0011545419692993,0.7982303500175476,0.2587186098098755,0.872,0.41260826587677,0.0012359619140625,0.1847690492868423,0.894,0.5566145181655884,0.0008549094200134,0.1669909209012985,0.886
15,retrain_ablation,f3_dup_a,0.6877250671386719,-0.0008156299591064,0.9772030711174012,-0.0002639293670654,0.0375566482543945,0.864,0.796972393989563,0.0024124979972839,0.1166422963142395,0.87,0.4176045060157776,-0.003760278224945,0.1839815825223922,0.908,0.5591203570365906,-0.0016509294509887,0.1665183752775192,0.898
15,retrain_ablation,f4_dup_b,0.683436393737793,0.0034730434417724,0.9761671423912048,0.0007719993591308,0.0384004935622215,0.862,0.798050045967102,0.0013348460197448,0.116332322359085,0.872,0.399833619594574,0.0140106081962585,0.1867674440145492,0.89,0.5596947073936462,-0.0022252798080444,0.1664098650217056,0.898
15,retrain_ablation,f5_null,0.6876891255378723,-0.0007796883583068,0.9772204160690308,-0.000281274318695,0.037542387843132,0.872,0.7967777848243713,0.0026071071624755,0.1166981905698776,0.878,0.4160364270210266,-0.002192199230194,0.184229090809822,0.902,0.5607218742370605,-0.0032524466514587,0.1662156581878662,0.898
15,retrain_ablation,f6_suppressor,0.5162898302078247,0.1706196069717407,0.3000442385673523,0.6768949031829834,0.2081057876348495,0.918,0.7968027591705322,0.0025821328163146,0.1166910231113433,0.892,0.4101508259773254,0.003693401813507,0.1851551532745361,0.9,0.5581613779067993,-0.0006919503211975,0.1666993796825409,0.9
15,retrain_ablation,f7_weak,0.6665319800376892,0.0203774571418762,0.9776436686515808,-0.0007045269012451,0.0371919684112072,0.894,0.7973198294639587,0.0020650625228881,0.1165424585342407,0.878,0.414564311504364,-0.0007200837135314,0.184461161494255,0.898,0.476600170135498,0.0808692574501037,0.1814341098070144,0.88
15,retrain_ablation,f8_bigcoef,0.6209979057312012,0.0659115314483642,0.9763731956481934,0.0005659461021423,0.0382341258227825,0.87,0.798125147819519,0.0012597441673278,0.1163107082247734,0.878,0.4164431095123291,-0.0025988817214965,0.1841649413108825,0.902,0.2930502295494079,0.2644191980361938,0.2108610719442367,0.91
15,retrain_ablation,noise_0,0.684704065322876,0.0022053718566894,0.9775217771530152,-0.0005826354026794,0.0372932292520999,0.892,0.800758421421051,-0.0013735294342041,0.115549623966217,0.87,0.4045163989067077,0.0093278288841247,0.186037391424179,0.898,0.5560194253921509,0.0014500021934509,0.167102962732315,0.886
50,masked_npe,,0.6858985424041748,0.0,0.9778244495391846,0.0,0.0370413102209568,0.914,0.794536828994751,0.0,0.1173398569226265,0.888,0.4101845622062683,0.0,0.1851498633623123,0.884,0.5610482692718506,0.0,0.1661538928747177,0.89
50,masked_npe,f1_strong_t1,0.4380097985267639,0.2478887438774109,-0.006637692451477,0.9844621419906616,0.2495660334825515,0.898,0.7923761010169983,0.0021607279777526,0.1179552376270294,0.882,0.4060810208320617,0.0041035413742065,0.1857928186655044,0.882,0.5602197647094727,0.0008285045623779,0.1663106232881546,0.896
50,masked_npe,f2_strong_t2,0.4837587773799896,0.2021397650241851,0.9774734973907472,0.0003509521484375,0.0373332202434539,0.914,-0.0161628723144531,0.8106997013092041,0.2609517276287079,0.86,0.4112985134124756,-0.0011139512062072,0.1849749386310577,0.882,0.562425971031189,-0.0013777017593383,0.165892943739891,0.894
50,masked_npe,f3_dup_a,0.6864588260650635,-0.0005602836608886,0.9773966670036316,0.0004277825355529,0.0373968370258808,0.918,0.7945941686630249,-5.733966827392578e-05,0.117323487997055,0.89,0.413900077342987,-0.0037155151367187,0.1845657676458358,0.916,0.5599443912506104,0.0011038780212402,0.1663626730442047,0.89
50,masked_npe,f4_dup_b,0.6831344962120056,0.0027640461921691,0.976887047290802,0.0009374022483825,0.0378160774707794,0.904,0.7945514917373657,-1.4662742614746094e-05,0.1173356622457504,0.886,0.3969213366508484,0.0132632255554199,0.1872200220823288,0.918,0.5641780495643616,-0.0031297802925109,0.1655604839324951,0.888
50,masked_npe,f5_null,0.6851047277450562,0.0007938146591186,0.977825403213501,-9.5367431640625e-07,0.037040464580059,0.908,0.7956466674804688,-0.0011098384857177,0.1170224994421005,0.898,0.4064332246780395,0.0037513375282287,0.1857377290725708,0.884,0.560513436794281,0.0005348324775695,0.1662550866603851,0.892
50,masked_npe,f6_suppressor,0.5186574459075928,0.167241096496582,0.3080952167510986,0.6697292327880859,0.2069054841995239,0.922,0.7934863567352295,0.0010504722595214,0.1176394373178482,0.894,0.4134765267372131,-0.0032919645309448,0.1846324354410171,0.87,0.5595718622207642,0.0014764070510864,0.1664330810308456,0.89
50,masked_npe,f7_weak,0.6629930138587952,0.0229055285453796,0.9778068661689758,1.7583370208740234e-05,0.0370559655129909,0.914,0.7946500778198242,-0.0001132488250732,0.117307499051094,0.894,0.4096493124961853,0.000535249710083,0.185233861207962,0.886,0.4698658585548401,0.0911824107170105,0.1825975775718689,0.88
50,masked_npe,f8_bigcoef,0.6151695251464844,0.0707290172576904,0.9776626229286194,0.0001618266105651,0.0371761806309223,0.904,0.7948395013809204,-0.0003026723861694,0.1172533929347992,0.896,0.4106810092926025,-0.0004964470863342,0.1850719302892685,0.886,0.2774949669837951,0.2835533022880554,0.2131682783365249,0.894
50,masked_npe,noise_0,0.6859204769134521,-2.193450927734375e-05,0.9777501821517944,7.426738739013672e-05,0.0371032506227493,0.918,0.7954617738723755,-0.0009249448776245,0.1170754432678222,0.904,0.4072732329368591,0.0029113292694091,0.1856062561273574,0.88,0.5631967782974243,-0.0021485090255737,0.1657467633485794,0.888
50,dedicated_npe,,0.6858952641487122,0.0,0.9775249361991882,0.0,0.0372906140983104,0.886,0.795971155166626,0.0,0.1169295683503151,0.862,0.4149335026741028,0.0,0.1844029873609542,0.898,0.5551514029502869,0.0,0.1672662198543548,0.892
50,retrain_ablation,f1_strong_t1,0.4432749450206756,0.2426203191280365,-0.0038936138153076,0.9814185500144958,0.2492256462574005,0.892,0.7970855236053467,-0.0011143684387207,0.1166097968816757,0.88,0.422793984413147,-0.0078604817390441,0.183160051703453,0.892,0.5571138858795166,-0.0019624829292297,0.1668968498706817,0.886
50,retrain_ablation,f2_strong_t2,0.4883874356746673,0.1975078284740448,0.9772620797157288,0.0002628564834594,0.0375080332159996,0.88,0.000231921672821,0.7957392334938049,0.2588380873203277,0.862,0.4186965227127075,-0.0037630200386047,0.1838090121746063,0.902,0.5573592185974121,-0.0022078156471252,0.1668506264686584,0.88
50,retrain_ablation,f3_dup_a,0.6881539225578308,-0.0022586584091186,0.9766274690628052,0.000897467136383,0.0380278453230857,0.884,0.798529326915741,-0.0025581717491149,0.1161942034959793,0.866,0.4221425652503967,-0.0072090625762939,0.1832633763551712,0.904,0.5553164482116699,-0.000165045261383,0.1672351956367492,0.884
50,retrain_ablation,f4_dup_b,0.6839855909347534,0.0019096732139587,0.9769520163536072,0.000572919845581,0.037762876600027,0.862,0.7965946793556213,-0.0006235241889953,0.1167507544159889,0.876,0.4044322371482849,0.0105012655258178,0.1860505193471908,0.894,0.557963490486145,-0.0028120875358581,0.1667367070913314,0.884
50,retrain_ablation,f5_null,0.6852381229400635,0.0006571412086486,0.9772022366523744,0.0003226995468139,0.0375573560595512,0.862,0.7971886396408081,-0.0012174844741821,0.1165801659226417,0.858,0.4146299362182617,0.000303566455841,0.1844508200883865,0.892,0.5519317388534546,0.0032196640968322,0.167870432138443,0.89
50,retrain_ablation,f6_suppressor,0.5198855996131897,0.1660096645355224,0.3040814995765686,0.6734434366226196,0.2075047492980957,0.9,0.7977609634399414,-0.0017898082733154,0.1164155527949333,0.872,0.4221554398536682,-0.0072219371795654,0.1832613348960876,0.892,0.5555446147918701,-0.0003932118415832,0.1671922653913498,0.882
50,retrain_ablation,f7_weak,0.6653057932853699,0.0205894708633422,0.9776839017868042,-0.0001589655876159,0.0371585078537464,0.886,0.7962151169776917,-0.0002439618110656,0.1168596446514129,0.87,0.4191094040870666,-0.0041759014129638,0.1837437152862548,0.892,0.468214750289917,0.0869366526603698,0.1828817129135131,0.878
50,retrain_ablation,f8_bigcoef,0.6174756288528442,0.0684196352958679,0.9778685569763184,-0.0003436207771301,0.0370044149458408,0.884,0.7964547872543335,-0.0004836320877075,0.1167908906936645,0.89,0.417938232421875,-0.0030047297477722,0.1839288473129272,0.892,0.2776409387588501,0.2775104641914367,0.2131467312574386,0.894
50,retrain_ablation,noise_0,0.6881238222122192,-0.002228558063507,0.9769575595855712,0.0005673766136169,0.0377583689987659,0.892,0.7963485717773438,-0.0003774166107177,0.1168213635683059,0.884,0.4204344153404236,-0.0055009126663208,0.1835340410470962,0.902,0.5587546825408936,-0.0036032795906066,0.1665874123573303,0.89
55,masked_npe,,0.6805277466773987,0.0,0.9762904644012452,0.0,0.0383010283112525,0.876,0.7904407382011414,0.0,0.1185037195682525,0.902,0.3955549597740173,0.0,0.1874320060014724,0.888,0.5598246455192566,0.0,0.1663853228092193,0.888
55,masked_npe,f1_strong_t1,0.4374952912330627,0.2430324554443359,-0.0010352134704589,0.977325677871704,0.2488705664873123,0.884,0.7919601202011108,-0.0015193819999694,0.1180733293294906,0.888,0.3972986936569214,-0.001743733882904,0.1871614456176757,0.86,0.5617575645446777,-0.0019329190254211,0.1660195887088775,0.892
55,masked_npe,f2_strong_t2,0.4821265339851379,0.1984012126922607,0.9760079979896544,0.0002824664115905,0.0385284833610057,0.874,-0.0082740783691406,0.798714816570282,0.2599368393421173,0.874,0.4031338095664978,-0.0075788497924804,0.1862532198429107,0.892,0.55763840675354,0.0021862387657165,0.1667980104684829,0.894
55,masked_npe,f3_dup_a,0.681302011013031,-0.0007742643356323,0.9761115908622742,0.0001788735389709,0.0384452417492866,0.882,0.7904478311538696,-7.092952728271484e-06,0.1185017079114914,0.894,0.3972699046134949,-0.0017149448394775,0.1871659010648727,0.93,0.5613787174224854,-0.0015540719032287,0.1660913378000259,0.892
55,masked_npe,f4_dup_b,0.6769629716873169,0.0035647749900817,0.977107048034668,-0.0008165836334228,0.0376356616616249,0.89,0.7931734323501587,-0.0027326941490173,0.1177285313606262,0.894,0.3749825954437256,0.0205723643302917,0.1905949413776397,0.914,0.5625888109207153,-0.0027641654014587,0.1658620685338974,0.896
55,masked_npe,f5_null,0.68153315782547,-0.0010054111480712,0.9760006070137024,0.0002898573875427,0.0385344512760639,0.882,0.7924814224243164,-0.002040684223175,0.1179253235459327,0.882,0.3987997770309448,-0.0032448172569274,0.1869282275438308,0.886,0.5588509440422058,0.0009737014770507,0.166569247841835,0.892
55,masked_npe,f6_suppressor,0.5152192711830139,0.1653084754943847,0.3112306594848633,0.6650598049163818,0.2064361572265625,0.9,0.7949526309967041,-0.0045118927955627,0.1172210574150085,0.896,0.3936700820922851,0.0018848776817321,0.1877240091562271,0.872,0.5610237121582031,-0.0011990666389465,0.1661585420370102,0.892
55,masked_npe,f7_weak,0.6597756147384644,0.0207521319389343,0.9763165712356568,-2.610683441162109e-05,0.0382799133658409,0.882,0.794270396232605,-0.0038296580314636,0.1174158975481987,0.896,0.3946294784545898,0.0009254813194274,0.1875754296779632,0.886,0.4738860130310058,0.0859386324882507,0.1819039136171341,0.892
55,masked_npe,f8_bigcoef,0.6083842515945435,0.0721434950828552,0.9765074253082277,-0.0002169609069824,0.0381253957748413,0.874,0.7893795967102051,0.0010611414909362,0.1188033670186996,0.892,0.3938056826591491,0.0017492771148681,0.1877030134201049,0.874,0.2738443613052368,0.2859802842140198,0.2137061357498169,0.894
55,masked_npe,noise_0,0.6804300546646118,9.769201278686523e-05,0.9762712121009828,1.925230026245117e-05,0.0383165627717971,0.87,0.7937737703323364,-0.003333032131195,0.1175575405359268,0.894,0.3923395276069641,0.0032154321670532,0.1879298686981201,0.892,0.5593357086181641,0.0004889369010925,0.1664777100086212,0.89
55,dedicated_npe,,0.6866824626922607,0.0,0.9776095151901244,0.0,0.0372203513979911,0.894,0.7893824577331543,0.0,0.1188025698065757,0.868,0.4199633002281189,0.0,0.1836086064577102,0.888,0.55977463722229,0.0,0.1663947701454162,0.896
55,retrain_ablation,f1_strong_t1,0.4426438808441162,0.2440385818481445,-0.0019754171371459,0.9795849323272704,0.2489874213933944,0.906,0.792410135269165,-0.0030276775360107,0.1179455667734146,0.9,0.4187739491462707,0.0011893510818481,0.1837967634201049,0.896,0.561366856098175,-0.001592218875885,0.1660935878753662,0.902
55,retrain_ablation,f2_strong_t2,0.4879701733589172,0.1987122893333435,0.9774267077445984,0.0001828074455261,0.0373720042407512,0.89,-0.0009840726852416,0.790366530418396,0.2589954435825348,0.884,0.416450023651123,0.0035132765769958,0.1841638386249542,0.89,0.558988094329834,0.000786542892456,0.1665433496236801,0.888
55,retrain_ablation,f3_dup_a,0.6869382858276367,-0.0002558231353759,0.977830708026886,-0.0002211928367614,0.0370360538363456,0.9,0.7953978180885315,-0.0060153603553771,0.1170937344431877,0.874,0.4145316481590271,0.0054316520690917,0.1844663023948669,0.898,0.5599930286407471,-0.000218391418457,0.1663534939289093,0.884
55,retrain_ablation,f4_dup_b,0.6825580596923828,0.0041244029998779,0.9772838354110718,0.0003256797790527,0.0374900586903095,0.898,0.7927613258361816,-0.0033788681030273,0.1178457587957382,0.872,0.4007411599159241,0.0192221403121948,0.1866261661052703,0.878,0.5594457983970642,0.0003288388252258,0.1664569079875946,0.886
55,retrain_ablation,f5_null,0.6890917420387268,-0.002409279346466,0.9777371883392334,-0.0001276731491088,0.0371140725910663,0.898,0.7943587303161621,-0.0049762725830078,0.1173906922340393,0.87,0.4224847555160522,-0.0025214552879333,0.183209091424942,0.89,0.561786413192749,-0.0020117759704589,0.1660141348838806,0.886
55,retrain_ablation,f6_suppressor,0.5201091170310974,0.1665733456611633,0.3110897541046142,0.6665197610855103,0.2064572721719741,0.904,0.7941412329673767,-0.0047587752342224,0.1174527555704116,0.886,0.4155660271644592,0.0043972730636596,0.184303268790245,0.89,0.5596394538879395,0.0001351833343505,0.1664203107357025,0.886
55,retrain_ablation,f7_weak,0.6662291288375854,0.0204533338546752,0.9778552651405334,-0.0002457499504089,0.0370155312120914,0.9,0.7957652807235718,-0.0063828229904174,0.1169885471463203,0.868,0.4190106391906738,0.000952661037445,0.1837593466043472,0.892,0.4722853899002075,0.0874892473220825,0.1821804195642471,0.87
55,retrain_ablation,f8_bigcoef,0.6187863945960999,0.0678960680961608,0.977772057056427,-0.0001625418663024,0.0370850153267383,0.894,0.7926850318908691,-0.0033025741577148,0.1178674399852752,0.87,0.4141299128532409,0.0058333873748779,0.184529572725296,0.888,0.2905586361885071,0.2692160010337829,0.2112323343753814,0.904
55,retrain_ablation,noise_0,0.6848899126052856,0.001792550086975,0.977273404598236,0.0003361105918884,0.0374986678361892,0.882,0.794756293296814,-0.0053738355636596,0.1172771677374839,0.86,0.4084872603416443,0.0114760398864746,0.1854160726070404,0.892,0.5590428113937378,0.0007318258285522,0.1665330231189727,0.888
99,masked_npe,,0.6792593002319336,0.0,0.9755661487579346,0.0,0.0388816781342029,0.886,0.7950478792190552,0.0,0.1171938255429267,0.876,0.3924300670623779,0.0,0.1879158616065979,0.87,0.5539931058883667,0.0,0.1674838364124298,0.888
99,masked_npe,f1_strong_t1,0.4282134771347046,0.251045823097229,-0.0226892232894897,0.9982553720474244,0.2515479028224945,0.882,0.7963818311691284,-0.0013339519500732,0.1168118193745613,0.884,0.3857806324958801,0.0066494345664978,0.1889413893222808,0.87,0.5533807277679443,0.0006123781204223,0.1675987839698791,0.888
99,masked_npe,f2_strong_t2,0.4792971611022949,0.1999621391296386,0.9750931262969972,0.0004730224609375,0.0392562076449394,0.892,-0.0035380125045776,0.7985858917236328,0.2593256533145904,0.856,0.3896238803863525,0.0028061866760253,0.1883493363857269,0.874,0.5560096502304077,-0.002016544342041,0.1671047955751419,0.892
99,masked_npe,f3_dup_a,0.6787269711494446,0.000532329082489,0.974120795726776,0.0014453530311584,0.0400151424109935,0.874,0.7943981885910034,0.0006496906280517,0.1173794344067573,0.874,0.3923461437225342,8.392333984375e-05,0.1879288554191589,0.92,0.5540428757667542,-4.976987838745117e-05,0.1674745082855224,0.894
99,masked_npe,f4_dup_b,0.676493763923645,0.0027655363082885,0.97481769323349,0.0007484555244445,0.0394726619124412,0.898,0.7955755591392517,-0.0005276799201965,0.1170428618788719,0.88,0.3803136348724365,0.0121164321899414,0.1897803694009781,0.914,0.555268406867981,-0.0012753009796142,0.1672442257404327,0.892
99,masked_npe,f5_null,0.6786710619926453,0.0005882382392883,0.975379765033722,0.0001863837242126,0.0390296690165996,0.882,0.7947660684585571,0.000281810760498,0.1172743737697601,0.882,0.3923547267913818,7.534027099609375e-05,0.1879275292158126,0.866,0.5521835684776306,0.001809537410736,0.1678232550621032,0.898
99,masked_npe,f6_suppressor,0.5111986398696899,0.1680606603622436,0.3116783499717712,0.6638877987861633,0.2063690572977066,0.908,0.7929986715316772,0.0020492076873779,0.1177782490849495,0.884,0.3833857178688049,0.0090443491935729,0.1893093734979629,0.858,0.5567320585250854,-0.0027389526367187,0.1669687926769256,0.888
99,masked_npe,f7_weak,0.6575173139572144,0.0217419862747192,0.9755922555923462,-2.610683441162109e-05,0.0388608761131763,0.888,0.7950562834739685,-8.404254913330078e-06,0.1171914264559745,0.882,0.3912896513938904,0.0011404156684875,0.1880921423435211,0.872,0.4681310057640075,0.0858621001243591,0.1828961074352264,0.884
99,masked_npe,f8_bigcoef,0.6124979257583618,0.0667613744735717,0.9759652018547058,-0.0003990530967712,0.0385628268122673,0.894,0.7955949306488037,-0.0005470514297485,0.1170373260974884,0.89,0.3956458568572998,-0.0032157897949218,0.1874178946018219,0.876,0.2827856540679931,0.2712074518203735,0.212386354804039,0.9
99,masked_npe,noise_0,0.6764798164367676,0.002779483795166,0.9750704169273376,0.0004957318305969,0.0392741076648235,0.878,0.7977076768875122,-0.002659797668457,0.1164308935403823,0.892,0.3799931406974792,0.0124369263648986,0.1898294389247894,0.872,0.553148090839386,0.0008450150489807,0.1676424294710159,0.902
99,dedicated_npe,,0.6863795518875122,0.0,0.9765390157699584,0.0,0.0380997471511364,0.892,0.7978857755661011,0.0,0.1163796260952949,0.886,0.4100292325019836,0.0,0.1851742416620254,0.892,0.5610641837120056,0.0,0.1661508828401565,0.888
99,retrain_ablation,f1_strong_t1,0.4403303265571594,0.2460492253303527,-0.003495454788208,0.9800344705581664,0.2491762042045593,0.9,0.79662024974823,0.001265525817871,0.1167434230446815,0.896,0.4083772301673889,0.0016520023345947,0.1854333132505417,0.894,0.5598192811012268,0.0012449026107788,0.1663863211870193,0.894
99,retrain_ablation,f2_strong_t2,0.4869903326034546,0.1993892192840576,0.9771609902381896,-0.0006219744682312,0.0375913009047508,0.89,-0.0066348314285278,0.8045206069946289,0.2597254514694214,0.87,0.4187322854995727,-0.0087030529975891,0.1838033497333526,0.896,0.5587029457092285,0.002361238002777,0.1665971726179123,0.888
99,retrain_ablation,f3_dup_a,0.6860804557800293,0.0002990961074829,0.977050006389618,-0.0005109906196594,0.0376825369894504,0.878,0.7992518544197083,-0.0013660788536071,0.1159856617450714,0.898,0.4103329181671142,-0.0003036856651306,0.1851265728473663,0.9,0.5576869249343872,0.0033772587776184,0.1667888462543487,0.89
99,retrain_ablation,f4_dup_b,0.6808768510818481,0.005502700805664,0.97709059715271,-0.0005515813827514,0.0376491956412792,0.87,0.7987554669380188,-0.0008696913719177,0.1161289736628532,0.888,0.3901664018630981,0.0198628306388854,0.1882656067609787,0.884,0.5574949979782104,0.0035691857337951,0.1668250262737274,0.89
99,retrain_ablation,f5_null,0.6857179999351501,0.000661551952362,0.9777849316596984,-0.0012459158897399,0.0370742864906787,0.872,0.7984880805015564,-0.0006023049354553,0.1162061020731926,0.896,0.4094523191452026,0.000576913356781,0.1852647513151168,0.89,0.5571467280387878,0.0039174556732177,0.1668906807899475,0.894
99,retrain_ablation,f6_suppressor,0.5160940289497375,0.1702855229377746,0.3000863194465637,0.6764526963233948,0.2080995291471481,0.904,0.7979020476341248,-1.627206802368164e-05,0.11637494713068,0.896,0.4065558910369873,0.0034733414649963,0.1857185214757919,0.886,0.5598319172859192,0.0012322664260864,0.1663839519023895,0.892
99,retrain_ablation,f7_weak,0.6655315160751343,0.0208480358123779,0.9770666360855104,-0.0005276203155517,0.0376689098775386,0.884,0.7985917329788208,-0.0007059574127197,0.1161762103438377,0.892,0.4160916209220886,-0.0060623884201049,0.1842203736305236,0.892,0.4703760743141174,0.0906881093978881,0.1825096905231475,0.86
99,retrain_ablation,f8_bigcoef,0.6209954023361206,0.0653841495513916,0.9777894616127014,-0.0012504458427429,0.0370705164968967,0.872,0.7977694869041443,0.0001162886619567,0.1164131015539169,0.884,0.413433313369751,-0.0034040808677673,0.1846392452716827,0.902,0.2949893474578857,0.2660748362541199,0.2105716913938522,0.9
99,retrain_ablation,noise_0,0.684245228767395,0.0021343231201171,0.9775285124778748,-0.0009894967079162,0.0372876450419425,0.862,0.7961270809173584,0.0017586946487426,0.1168848797678947,0.9,0.4079590439796448,0.0020701885223388,0.1854988485574722,0.89,0.5553661584854126,0.005698025226593,0.1672258377075195,0.892
105,masked_npe,,0.6849053502082825,0.0,0.977878749370575,0.0,0.03699589893221855,0.906,0.7980911731719971,0.0,0.11632048338651657,0.864,0.4041290879249573,0.0,0.1860978752374649,0.868,0.5595223903656006,0.0,0.16644242405891418,0.89
105,masked_npe,f1_strong_t1,0.43338650465011597,0.2515188455581665,-0.0215684175491333,0.9994471669197083,0.25141003727912903,0.898,0.7976754307746887,0.0004157423973083496,0.11644017696380615,0.87,0.39968204498291016,0.004447042942047119,0.18679101765155792,0.87,0.5577568411827087,0.0017655491828918457,0.1667756736278534,0.89
105,masked_npe,f2_strong_t2,0.4835467040538788,0.2013586461544037,0.9775902032852173,0.000288546085357666,0.03723639249801636,0.896,-0.009114384651184082,0.8072055578231812,0.2600451409816742,0.828,0.4049519896507263,-0.000822901725769043,0.18596932291984558,0.87,0.5607589483261108,-0.001236557960510254,0.1662086546421051,0.888
105,masked_npe,f3_dup_a,0.6854960918426514,-0.0005907416343688965,0.9775702357292175,0.0003085136413574219,0.03725298494100571,0.904,0.7963244915008545,0.0017666816711425781,0.11682826280593872,0.872,0.40984106063842773,-0.005711972713470459,0.18520376086235046,0.926,0.5582485795021057,0.001273810863494873,0.16668292880058289,0.894
105,masked_npe,f4_dup_b,0.683243989944458,0.0016613602638244629,0.9763973355293274,0.0014814138412475586,0.03821462392807007,0.906,0.7990675568580627,-0.0009763836860656738,0.11603888869285583,0.866,0.3970341682434082,0.007094919681549072,0.18720251321792603,0.92,0.5604766607284546,-0.0009542703628540039,0.16626204550266266,0.898
105,masked_npe,f5_null,0.6853511333465576,-0.0004457831382751465,0.9777494668960571,0.00012928247451782227,0.03710387274622917,0.896,0.7998844385147095,-0.0017932653427124023,0.11580277234315872,0.866,0.4035412073135376,0.0005878806114196777,0.1861896514892578,0.874,0.5602293014526367,-0.0007069110870361328,0.16630882024765015,0.886
105,masked_npe,f6_suppressor,0.5168338418006897,0.16807150840759277,0.3076210618019104,0.6702576875686646,0.20697638392448425,0.922,0.7953036427497864,0.0027875304222106934,0.11712069064378738,0.862,0.4033101201057434,0.0008189678192138672,0.18622572720050812,0.864,0.561100423336029,-0.0015780329704284668,0.16614402830600739,0.89
105,masked_npe,f7_weak,0.6623037457466125,0.022601604461669922,0.9777534008026123,0.00012534856796264648,0.037100568413734436,0.894,0.7990958094596863,-0.001004636287689209,0.1160307377576828,0.878,0.3974184989929199,0.0067105889320373535,0.18714283406734467,0.86,0.4749472141265869,0.08457517623901367,0.18172036111354828,0.888
105,masked_npe,f8_bigcoef,0.6108952164649963,0.07401013374328613,0.9778894782066345,-1.0728836059570312e-05,0.03698695823550224,0.902,0.7990568280220032,-0.0009656548500061035,0.11604199558496475,0.886,0.4007161259651184,0.003412961959838867,0.18663007020950317,0.862,0.265918493270874,0.29360389709472656,0.21486926078796387,0.892
105,masked_npe,noise_0,0.6845645904541016,0.0003407597541809082,0.978420615196228,-0.0005418658256530762,0.03653997555375099,0.888,0.7957554459571838,0.0023357272148132324,0.11699136346578598,0.868,0.4031407833099365,0.000988304615020752,0.1862521469593048,0.88,0.5609415769577026,-0.0014191865921020508,0.16617408394813538,0.888
105,dedicated_npe,,0.6833475828170776,0.0,0.9776389598846436,0.0,0.03719586879014969,0.866,0.791621208190918,0.0,0.11816947162151337,0.864,0.4044874310493469,0.0,0.1860419064760208,0.892,0.5596426725387573,0.0,0.16641971468925476,0.886
105,retrain_ablation,f1_strong_t1,0.43879759311676025,0.24454998970031738,-0.009190082550048828,0.9868290424346924,0.24988222122192383,0.9,0.7976642847061157,-0.006043076515197754,0.11644338816404343,0.878,0.4045305848121643,-4.315376281738281e-05,0.1860351711511612,0.9,0.5621854662895203,-0.0025427937507629395,0.16593852639198303,0.892
105,retrain_ablation,f2_strong_t2,0.48883429169654846,0.19451329112052917,0.9774489998817444,0.00018996000289916992,0.03735355660319328,0.896,0.0027466416358947754,0.7888745665550232,0.25851234793663025,0.864,0.4116029739379883,-0.007115542888641357,0.1849270910024643,0.898,0.5635385513305664,-0.003895878791809082,0.16568191349506378,0.89
105,retrain_ablation,f3_dup_a,0.6839370727539062,-0.0005894899368286133,0.9768639802932739,0.0007749795913696289,0.03783497214317322,0.878,0.7928370237350464,-0.001215815544128418,0.11782423406839371,0.882,0.4027983546257019,0.0016890764236450195,0.18630556762218475,0.906,0.5632489919662476,-0.0036063194274902344,0.1657368391752243,0.89
105,retrain_ablation,f4_dup_b,0.6804102659225464,0.00293731689453125,0.9770534634590149,0.0005854964256286621,0.03767971321940422,0.884,0.7922290563583374,-0.0006078481674194336,0.11799699813127518,0.882,0.3902190923690796,0.014268338680267334,0.18825747072696686,0.888,0.5621393918991089,-0.0024967193603515625,0.16594725847244263,0.892
105,retrain_ablation,f5_null,0.6855655908584595,-0.002218008041381836,0.977501392364502,0.00013756752014160156,0.03731013089418411,0.886,0.7934117317199707,-0.0017905235290527344,0.11766069382429123,0.876,0.40904510021209717,-0.004557669162750244,0.1853286325931549,0.894,0.5623041391372681,-0.002661466598510742,0.16591602563858032,0.894
105,retrain_ablation,f6_suppressor,0.5188553333282471,0.16449224948883057,0.30518442392349243,0.6724545359611511,0.20734025537967682,0.912,0.7941368222236633,-0.0025156140327453613,0.11745401471853256,0.872,0.41162818670272827,-0.007140755653381348,0.18492314219474792,0.908,0.564471960067749,-0.004829287528991699,0.16550464928150177,0.898
105,retrain_ablation,f7_weak,0.6637099981307983,0.019637584686279297,0.9772711992263794,0.00036776065826416016,0.037500523030757904,0.888,0.7954184412956238,-0.0037972331047058105,0.11708783358335495,0.884,0.40668898820877075,-0.002201557159423828,0.18569768965244293,0.892,0.47546154260635376,0.08418112993240356,0.18163134157657623,0.878
105,retrain_ablation,f8_bigcoef,0.6165277361869812,0.06681984663009644,0.977126955986023,0.0005120038986206055,0.037619322538375854,0.86,0.7930834889411926,-0.0014622807502746582,0.11775411665439606,0.864,0.41066277027130127,-0.006175339221954346,0.1850747913122177,0.898,0.28523755073547363,0.2744051218032837,0.21202301979064941,0.902
105,retrain_ablation,noise_0,0.6850622892379761,-0.0017147064208984375,0.9777093529701233,-7.039308547973633e-05,0.03713728487491608,0.874,0.7931984663009644,-0.0015772581100463867,0.11772140860557556,0.866,0.41164636611938477,-0.007158935070037842,0.1849202811717987,0.902,0.5576950311660767,0.001947641372680664,0.16678732633590698,0.888
