seed,features,n_features,masked_epochs,masked_train_seconds,prior_entropy,masked_logprob_all,masked_logprob_none,masked_info_lower_bound_all,masked_r2_all,exact_info_all,exact_logprob_all,masked_gap_all,masked_gap_none,masked_gap_mean,unique_vs_exact_spearman,unique_vs_exact_pearson,unique_vs_exact_mae,marginal_vs_exact_spearman,marginal_vs_exact_pearson,marginal_vs_exact_mae,shapley_vs_exact_spearman,shapley_vs_exact_pearson,shapley_vs_exact_mae,dedicated_logprob_all,dedicated_epochs,dedicated_train_seconds,dedicated_r2_all,dedicated_gap_all,unique_vs_retrain_spearman,unique_vs_retrain_pearson,unique_vs_retrain_mae,r2_drop_vs_retrain_spearman,r2_drop_vs_retrain_pearson,r2_drop_vs_retrain_mae
0,"[""f1_strong_t1"", ""f2_strong_t2"", ""f3_dup_a"", ""f4_dup_b"", ""f5_null"", ""f6_suppressor"", ""f7_weak"", ""f8_bigcoef"", ""noise_0""]",9,96,57.0,4.982606952258745,-1.6739969848632812,-4.981546947860718,3.308609967395464,0.6882569789886475,3.5367387637393115,-1.4446953128046012,0.22930167205868,0.0330370200402949,0.1345825167328116,0.9958246164193104,0.9998346214423932,0.0271874657708583,0.9831920802501752,0.999218014553613,0.0199612255058238,0.9833333333333332,0.9996160877441884,0.0218071835575982,-1.752715840435028,65.0,34.4,0.6894439458847046,0.3080205276304268,0.9666666666666668,0.9998244872229404,0.0281402669111887,1.0,0.9997736975066778,0.0022912439372804
1,"[""f1_strong_t1"", ""f2_strong_t2"", ""f3_dup_a"", ""f4_dup_b"", ""f5_null"", ""f6_suppressor"", ""f7_weak"", ""f8_bigcoef"", ""noise_0""]",9,126,71.5,4.982606952258745,-1.662153960132599,-4.972142961215973,3.320452992126146,0.6884695291519165,3.5367387637393115,-1.4446953128046012,0.2174586473279978,0.0236330333955505,0.1116529525233429,0.9958246164193104,0.9998778751829084,0.0338878441358451,0.966240492659655,0.9996456559297898,0.0190170987832757,1.0,0.9996055761347464,0.0215361793258272,-1.745717001438141,66.0,35.1,0.6877633333206177,0.3010216886335397,1.0,0.9998738818065572,0.03501341547966,0.9833333333333332,0.9998941726982948,0.0012171119451522
5,"[""f1_strong_t1"", ""f2_strong_t2"", ""f3_dup_a"", ""f4_dup_b"", ""f5_null"", ""f6_suppressor"", ""f7_weak"", ""f8_bigcoef"", ""noise_0""]",9,93,53.3,4.982606952258745,-1.6566725140571594,-4.9660846765518185,3.325934438201586,0.6871379613876343,3.5367387637393115,-1.4446953128046012,0.2119772012525582,0.0175747487313957,0.1086758384483863,0.9958246164193104,0.9997897369090436,0.0341994035617103,0.9831920802501752,0.9995857222535152,0.0168597960857767,0.9666666666666668,0.9996574430620728,0.0216002725023512,-1.751596992111206,59.0,31.5,0.6868108510971069,0.3069016793066048,0.9833333333333332,0.9999192329053104,0.0298765665531157,0.9833333333333332,0.9994857101339718,0.0027050938871171
10,"[""f1_strong_t1"", ""f2_strong_t2"", ""f3_dup_a"", ""f4_dup_b"", ""f5_null"", ""f6_suppressor"", ""f7_weak"", ""f8_bigcoef"", ""noise_0""]",9,140,78.5,4.982606952258745,-1.6431636795043945,-4.969026922512055,3.339443272754351,0.6867036819458008,3.5367387637393115,-1.4446953128046012,0.1984683666997932,0.0205169946916319,0.0994322568522763,0.9958246164193104,0.999908894193042,0.0271765322979145,0.9831920802501752,0.9997306782045464,0.0135174689572599,0.9833333333333332,0.9997993419981752,0.0197723746675733,-1.7593317397117614,70.0,38.1,0.6883202791213989,0.3146364269071602,1.0,0.999887439059128,0.0412724723974863,0.95,0.999776511591032,0.0018901526927947
15,"[""f1_strong_t1"", ""f2_strong_t2"", ""f3_dup_a"", ""f4_dup_b"", ""f5_null"", ""f6_suppressor"", ""f7_weak"", ""f8_bigcoef"", ""noise_0""]",9,123,79.3,4.982606952258745,-1.637159091091156,-4.9633551445961,3.3454478611675893,0.6842300891876221,3.5367387637393115,-1.4446953128046012,0.1924637782865548,0.0148452167756767,0.1035835845578458,0.979088068244196,0.9998678772393604,0.0239073512472885,0.966240492659655,0.999732344675042,0.0186750625678121,0.9666666666666668,0.9998567368755612,0.0197353957234309,-1.7917054388046263,81.0,50.9,0.6869094371795654,0.3470101260000253,0.9666666666666668,0.9997647159933116,0.0594739289071825,0.95,0.9997503062652856,0.0021539678176244
50,"[""f1_strong_t1"", ""f2_strong_t2"", ""f3_dup_a"", ""f4_dup_b"", ""f5_null"", ""f6_suppressor"", ""f7_weak"", ""f8_bigcoef"", ""noise_0""]",9,106,68.7,4.982606952258745,-1.6615579186439515,-4.971175225257873,3.321049033614794,0.6858985424041748,3.5367387637393115,-1.4446953128046012,0.2168626058393503,0.0226652974374506,0.1188488751960915,0.9958246164193104,0.9998552569616328,0.0291629301073409,0.966240492659655,0.9995208748022564,0.0205742550970664,1.0,0.9998402122759898,0.0215774787113221,-1.7610871978759766,55.0,34.9,0.6858952641487122,0.3163918850713754,1.0,0.999851358895136,0.0247449756781259,1.0,0.9999404432395704,0.002294831805759
55,"[""f1_strong_t1"", ""f2_strong_t2"", ""f3_dup_a"", ""f4_dup_b"", ""f5_null"", ""f6_suppressor"", ""f7_weak"", ""f8_bigcoef"", ""noise_0""]",9,109,70.1,4.982606952258745,-1.712262239265442,-4.985118878269196,3.270344712993303,0.6805277466773987,3.5367387637393115,-1.4446953128046012,0.2675669264608407,0.0366089504487732,0.1379002043993209,0.979088068244196,0.9998903451718764,0.0333788191903555,0.9831920802501752,0.9995420010158208,0.019212001160934,0.9833333333333332,0.9996464014066736,0.025661997334674,-1.7963243152618409,58.0,31.1,0.6866824626922607,0.3516290024572397,0.9833333333333332,0.999868523681502,0.0387460128943127,1.0,0.9998356223889926,0.001256129807896
99,"[""f1_strong_t1"", ""f2_strong_t2"", ""f3_dup_a"", ""f4_dup_b"", ""f5_null"", ""f6_suppressor"", ""f7_weak"", ""f8_bigcoef"", ""noise_0""]",9,102,57.3,4.982606952258745,-1.6959721294403076,-4.968570577049255,3.2866348228184377,0.6792593002319336,3.5367387637393115,-1.4446953128046012,0.2512768166357064,0.0200606492288324,0.1287342546023425,0.979088068244196,0.9999178739676224,0.0311521895516836,0.9831920802501752,0.999572014530763,0.0204009544016472,1.0,0.9998120578167672,0.0256906852674302,-1.75746887550354,47.0,26.3,0.6863795518875122,0.3127735626989389,0.9833333333333332,0.9997499239678598,0.0233458514107598,0.9833333333333332,0.9997999397357458,0.0015282597806718
105,"[""f1_strong_t1"", ""f2_strong_t2"", ""f3_dup_a"", ""f4_dup_b"", ""f5_null"", ""f6_suppressor"", ""f7_weak"", ""f8_bigcoef"", ""noise_0""]",9,97,53.9,4.982606952258745,-1.6708198739051818,-4.974330793762207,3.3117870783535635,0.6849053502082825,3.5367387637393115,-1.4446953128046012,0.2261245611005806,0.0258208659417844,0.1283378564761016,0.9958246164193104,0.9998399063381443,0.0304390983071559,0.966240492659655,0.9993698037423894,0.0205558655435722,1.0,0.9996966730785212,0.0222559661287551,-1.7598495102882383,65.0,35.4,0.6833475828170776,0.3151541974836374,0.9666666666666668,0.9998063406129896,0.034437911160787,0.95,0.9997981351942832,0.0036280834012561
